{
  "instance": "lagos_nigeria_100",
  "num_images": 100,
  "timeout_s": 1200,
  "objectives": [
    "min_cost",
    "cloud_coverage",
    "min_max_incidence_angle",
    "min_resolution"
  ],
  "shared_bounds": [
    [
      2190769,
      13733282
    ],
    [
      1502,
      335665
    ],
    [
      244,
      507
    ],
    [
      135139,
      229587
    ]
  ],
  "total_trace_points": 364017,
  "configs": {
    "Pure PLS": {
      "final_solutions": 26804,
      "wall_seconds": 2371.1,
      "trace_bytes": 2371422,
      "invalid_solutions": 0,
      "final_hv": 0.88654864,
      "delta_vs_pure_pls_pct": 0.0,
      "curve": [
        [
          0.0,
          0.0
        ],
        [
          41.3793,
          0.84719443
        ],
        [
          82.7586,
          0.85055024
        ],
        [
          124.1379,
          0.8556737
        ],
        [
          165.5172,
          0.85720443
        ],
        [
          206.8965,
          0.85807002
        ],
        [
          248.2759,
          0.85909205
        ],
        [
          289.6552,
          0.8600733
        ],
        [
          331.0345,
          0.86079503
        ],
        [
          372.4138,
          0.86164995
        ],
        [
          413.7931,
          0.86205437
        ],
        [
          455.1724,
          0.86237268
        ],
        [
          496.5517,
          0.86275609
        ],
        [
          537.931,
          0.86325555
        ],
        [
          579.3103,
          0.86348608
        ],
        [
          620.6897,
          0.87494521
        ],
        [
          662.069,
          0.88137864
        ],
        [
          703.4483,
          0.88273664
        ],
        [
          744.8276,
          0.88387983
        ],
        [
          786.2069,
          0.88441066
        ],
        [
          827.5862,
          0.88513509
        ],
        [
          868.9655,
          0.88542018
        ],
        [
          910.3448,
          0.8855561
        ],
        [
          951.7241,
          0.88609707
        ],
        [
          993.1034,
          0.88623517
        ],
        [
          1034.4827,
          0.88635211
        ],
        [
          1075.8621,
          0.88643114
        ],
        [
          1117.2414,
          0.88650999
        ],
        [
          1158.6207,
          0.88653066
        ],
        [
          1200.0,
          0.88654864
        ]
      ]
    },
    "Diverse Probe PLS": {
      "final_solutions": 78294,
      "wall_seconds": 1500.4,
      "trace_bytes": 1641594,
      "invalid_solutions": 0,
      "final_hv": 0.92398122,
      "delta_vs_pure_pls_pct": 4.2223,
      "curve": [
        [
          0.0,
          0.92356775
        ],
        [
          41.3793,
          0.92356796
        ],
        [
          82.7586,
          0.92359012
        ],
        [
          124.1379,
          0.9236217
        ],
        [
          165.5172,
          0.92363034
        ],
        [
          206.8965,
          0.92370689
        ],
        [
          248.2759,
          0.92371908
        ],
        [
          289.6552,
          0.92377895
        ],
        [
          331.0345,
          0.92381745
        ],
        [
          372.4138,
          0.92383723
        ],
        [
          413.7931,
          0.92385677
        ],
        [
          455.1724,
          0.92394415
        ],
        [
          496.5517,
          0.92394922
        ],
        [
          537.931,
          0.92395286
        ],
        [
          579.3103,
          0.92395675
        ],
        [
          620.6897,
          0.92396365
        ],
        [
          662.069,
          0.92396459
        ],
        [
          703.4483,
          0.92396587
        ],
        [
          744.8276,
          0.92396685
        ],
        [
          786.2069,
          0.92396871
        ],
        [
          827.5862,
          0.92396926
        ],
        [
          868.9655,
          0.92397291
        ],
        [
          910.3448,
          0.92397455
        ],
        [
          951.7241,
          0.92397517
        ],
        [
          993.1034,
          0.92397606
        ],
        [
          1034.4827,
          0.92397645
        ],
        [
          1075.8621,
          0.9239772
        ],
        [
          1117.2414,
          0.92397794
        ],
        [
          1158.6207,
          0.92397914
        ],
        [
          1200.0,
          0.92398122
        ]
      ]
    },
    "Scalarized PLS": {
      "final_solutions": 40554,
      "wall_seconds": 1266.9,
      "trace_bytes": 821257,
      "invalid_solutions": 0,
      "final_hv": 0.92288434,
      "delta_vs_pure_pls_pct": 4.0986,
      "curve": [
        [
          0.0,
          0.92252039
        ],
        [
          41.3793,
          0.92252289
        ],
        [
          82.7586,
          0.92257536
        ],
        [
          124.1379,
          0.9226116
        ],
        [
          165.5172,
          0.92266739
        ],
        [
          206.8965,
          0.92275518
        ],
        [
          248.2759,
          0.92281799
        ],
        [
          289.6552,
          0.92286469
        ],
        [
          331.0345,
          0.9228673
        ],
        [
          372.4138,
          0.92287272
        ],
        [
          413.7931,
          0.9228734
        ],
        [
          455.1724,
          0.92287552
        ],
        [
          496.5517,
          0.92287833
        ],
        [
          537.931,
          0.92287908
        ],
        [
          579.3103,
          0.9228802
        ],
        [
          620.6897,
          0.92288034
        ],
        [
          662.069,
          0.92288048
        ],
        [
          703.4483,
          0.92288058
        ],
        [
          744.8276,
          0.92288062
        ],
        [
          786.2069,
          0.92288164
        ],
        [
          827.5862,
          0.92288167
        ],
        [
          868.9655,
          0.92288246
        ],
        [
          910.3448,
          0.92288257
        ],
        [
          951.7241,
          0.9228827
        ],
        [
          993.1034,
          0.92288293
        ],
        [
          1034.4827,
          0.92288341
        ],
        [
          1075.8621,
          0.92288402
        ],
        [
          1117.2414,
          0.92288413
        ],
        [
          1158.6207,
          0.92288415
        ],
        [
          1200.0,
          0.92288434
        ]
      ]
    }
  }
}