{
  "instance": "lagos_nigeria_50",
  "num_images": 50,
  "timeout_s": 300,
  "objectives": [
    "min_cost",
    "cloud_coverage",
    "min_max_incidence_angle",
    "min_resolution"
  ],
  "shared_bounds": [
    [
      2368619,
      12086175
    ],
    [
      2922,
      356047
    ],
    [
      245,
      517
    ],
    [
      35329,
      53217
    ]
  ],
  "total_trace_points": 63463,
  "configs": {
    "Pure PLS": {
      "final_solutions": 7005,
      "wall_seconds": 397.2,
      "trace_bytes": 517739,
      "invalid_solutions": 0,
      "final_hv": 0.86812608,
      "delta_vs_pure_pls_pct": 0.0,
      "curve": [
        [
          0.0,
          0.0
        ],
        [
          10.3448,
          0.80273054
        ],
        [
          20.6897,
          0.8062334
        ],
        [
          31.0345,
          0.80805525
        ],
        [
          41.3793,
          0.84468972
        ],
        [
          51.7241,
          0.85034484
        ],
        [
          62.069,
          0.85131273
        ],
        [
          72.4138,
          0.8534856
        ],
        [
          82.7586,
          0.85398104
        ],
        [
          93.1034,
          0.85444059
        ],
        [
          103.4483,
          0.85613632
        ],
        [
          113.7931,
          0.8574325
        ],
        [
          124.1379,
          0.85869487
        ],
        [
          134.4828,
          0.86287937
        ],
        [
          144.8276,
          0.86485498
        ],
        [
          155.1724,
          0.86543634
        ],
        [
          165.5172,
          0.86565513
        ],
        [
          175.8621,
          0.86612659
        ],
        [
          186.2069,
          0.86643868
        ],
        [
          196.5517,
          0.86675055
        ],
        [
          206.8965,
          0.86694205
        ],
        [
          217.2414,
          0.86703018
        ],
        [
          227.5862,
          0.86709819
        ],
        [
          237.931,
          0.86733462
        ],
        [
          248.2758,
          0.86747695
        ],
        [
          258.6207,
          0.86795044
        ],
        [
          268.9655,
          0.86805632
        ],
        [
          279.3103,
          0.86807375
        ],
        [
          289.6552,
          0.86811691
        ],
        [
          300.0,
          0.86812608
        ]
      ]
    },
    "Diverse Probe PLS": {
      "final_solutions": 7483,
      "wall_seconds": 306.2,
      "trace_bytes": 180911,
      "invalid_solutions": 0,
      "final_hv": 0.86788142,
      "delta_vs_pure_pls_pct": -0.0282,
      "curve": [
        [
          0.0,
          0.86731648
        ],
        [
          10.3448,
          0.86749442
        ],
        [
          20.6897,
          0.86776596
        ],
        [
          31.0345,
          0.8678665
        ],
        [
          41.3793,
          0.86787122
        ],
        [
          51.7241,
          0.86787341
        ],
        [
          62.069,
          0.86787369
        ],
        [
          72.4138,
          0.86787414
        ],
        [
          82.7586,
          0.86787662
        ],
        [
          93.1034,
          0.86787664
        ],
        [
          103.4483,
          0.8678768
        ],
        [
          113.7931,
          0.86787685
        ],
        [
          124.1379,
          0.86787687
        ],
        [
          134.4828,
          0.86787733
        ],
        [
          144.8276,
          0.86787815
        ],
        [
          155.1724,
          0.86787985
        ],
        [
          165.5172,
          0.86788056
        ],
        [
          175.8621,
          0.86788057
        ],
        [
          186.2069,
          0.86788057
        ],
        [
          196.5517,
          0.86788083
        ],
        [
          206.8965,
          0.86788099
        ],
        [
          217.2414,
          0.86788116
        ],
        [
          227.5862,
          0.86788119
        ],
        [
          237.931,
          0.86788121
        ],
        [
          248.2758,
          0.86788122
        ],
        [
          258.6207,
          0.86788122
        ],
        [
          268.9655,
          0.86788122
        ],
        [
          279.3103,
          0.86788123
        ],
        [
          289.6552,
          0.86788141
        ],
        [
          300.0,
          0.86788142
        ]
      ]
    },
    "Scalarized PLS": {
      "final_solutions": 5994,
      "wall_seconds": 107.5,
      "trace_bytes": 131173,
      "invalid_solutions": 0,
      "final_hv": 0.86757341,
      "delta_vs_pure_pls_pct": -0.0637,
      "curve": [
        [
          0.0,
          0.86684326
        ],
        [
          10.3448,
          0.86752827
        ],
        [
          20.6897,
          0.86753833
        ],
        [
          31.0345,
          0.86754968
        ],
        [
          41.3793,
          0.86755839
        ],
        [
          51.7241,
          0.86756036
        ],
        [
          62.069,
          0.86756113
        ],
        [
          72.4138,
          0.86756155
        ],
        [
          82.7586,
          0.86756369
        ],
        [
          93.1034,
          0.86756659
        ],
        [
          103.4483,
          0.86757341
        ],
        [
          113.7931,
          0.86757341
        ],
        [
          124.1379,
          0.86757341
        ],
        [
          134.4828,
          0.86757341
        ],
        [
          144.8276,
          0.86757341
        ],
        [
          155.1724,
          0.86757341
        ],
        [
          165.5172,
          0.86757341
        ],
        [
          175.8621,
          0.86757341
        ],
        [
          186.2069,
          0.86757341
        ],
        [
          196.5517,
          0.86757341
        ],
        [
          206.8965,
          0.86757341
        ],
        [
          217.2414,
          0.86757341
        ],
        [
          227.5862,
          0.86757341
        ],
        [
          237.931,
          0.86757341
        ],
        [
          248.2758,
          0.86757341
        ],
        [
          258.6207,
          0.86757341
        ],
        [
          268.9655,
          0.86757341
        ],
        [
          279.3103,
          0.86757341
        ],
        [
          289.6552,
          0.86757341
        ],
        [
          300.0,
          0.86757341
        ]
      ]
    }
  }
}