{
  "instance": "lagos_nigeria_30",
  "num_images": 30,
  "timeout_s": 300,
  "objectives": [
    "min_cost",
    "cloud_coverage",
    "min_max_incidence_angle",
    "min_resolution"
  ],
  "shared_bounds": [
    [
      2736639,
      8676619
    ],
    [
      53468,
      700569
    ],
    [
      332,
      494
    ],
    [
      14229,
      22943
    ]
  ],
  "total_trace_points": 10995,
  "configs": {
    "Pure PLS": {
      "final_solutions": 1488,
      "wall_seconds": 207.4,
      "trace_bytes": 65466,
      "invalid_solutions": 0,
      "final_hv": 0.8115946,
      "delta_vs_pure_pls_pct": 0.0,
      "curve": [
        [
          0.0,
          0.0
        ],
        [
          10.3448,
          0.81110169
        ],
        [
          20.6897,
          0.81159459
        ],
        [
          31.0345,
          0.81159459
        ],
        [
          41.3793,
          0.8115946
        ],
        [
          51.7241,
          0.8115946
        ],
        [
          62.069,
          0.8115946
        ],
        [
          72.4138,
          0.8115946
        ],
        [
          82.7586,
          0.8115946
        ],
        [
          93.1034,
          0.8115946
        ],
        [
          103.4483,
          0.8115946
        ],
        [
          113.7931,
          0.8115946
        ],
        [
          124.1379,
          0.8115946
        ],
        [
          134.4828,
          0.8115946
        ],
        [
          144.8276,
          0.8115946
        ],
        [
          155.1724,
          0.8115946
        ],
        [
          165.5172,
          0.8115946
        ],
        [
          175.8621,
          0.8115946
        ],
        [
          186.2069,
          0.8115946
        ],
        [
          196.5517,
          0.8115946
        ],
        [
          206.8965,
          0.8115946
        ],
        [
          217.2414,
          0.8115946
        ],
        [
          227.5862,
          0.8115946
        ],
        [
          237.931,
          0.8115946
        ],
        [
          248.2758,
          0.8115946
        ],
        [
          258.6207,
          0.8115946
        ],
        [
          268.9655,
          0.8115946
        ],
        [
          279.3103,
          0.8115946
        ],
        [
          289.6552,
          0.8115946
        ],
        [
          300.0,
          0.8115946
        ]
      ]
    },
    "Diverse Probe PLS": {
      "final_solutions": 1488,
      "wall_seconds": 53.7,
      "trace_bytes": 39446,
      "invalid_solutions": 0,
      "final_hv": 0.81159482,
      "delta_vs_pure_pls_pct": 0.0,
      "curve": [
        [
          0.0,
          0.80162462
        ],
        [
          10.3448,
          0.81159479
        ],
        [
          20.6897,
          0.81159482
        ],
        [
          31.0345,
          0.81159482
        ],
        [
          41.3793,
          0.81159482
        ],
        [
          51.7241,
          0.81159482
        ],
        [
          62.069,
          0.81159482
        ],
        [
          72.4138,
          0.81159482
        ],
        [
          82.7586,
          0.81159482
        ],
        [
          93.1034,
          0.81159482
        ],
        [
          103.4483,
          0.81159482
        ],
        [
          113.7931,
          0.81159482
        ],
        [
          124.1379,
          0.81159482
        ],
        [
          134.4828,
          0.81159482
        ],
        [
          144.8276,
          0.81159482
        ],
        [
          155.1724,
          0.81159482
        ],
        [
          165.5172,
          0.81159482
        ],
        [
          175.8621,
          0.81159482
        ],
        [
          186.2069,
          0.81159482
        ],
        [
          196.5517,
          0.81159482
        ],
        [
          206.8965,
          0.81159482
        ],
        [
          217.2414,
          0.81159482
        ],
        [
          227.5862,
          0.81159482
        ],
        [
          237.931,
          0.81159482
        ],
        [
          248.2758,
          0.81159482
        ],
        [
          258.6207,
          0.81159482
        ],
        [
          268.9655,
          0.81159482
        ],
        [
          279.3103,
          0.81159482
        ],
        [
          289.6552,
          0.81159482
        ],
        [
          300.0,
          0.81159482
        ]
      ]
    },
    "Scalarized PLS": {
      "final_solutions": 1443,
      "wall_seconds": 9.4,
      "trace_bytes": 33205,
      "invalid_solutions": 0,
      "final_hv": 0.81157626,
      "delta_vs_pure_pls_pct": -0.0023,
      "curve": [
        [
          0.0,
          0.79948968
        ],
        [
          10.3448,
          0.81157626
        ],
        [
          20.6897,
          0.81157626
        ],
        [
          31.0345,
          0.81157626
        ],
        [
          41.3793,
          0.81157626
        ],
        [
          51.7241,
          0.81157626
        ],
        [
          62.069,
          0.81157626
        ],
        [
          72.4138,
          0.81157626
        ],
        [
          82.7586,
          0.81157626
        ],
        [
          93.1034,
          0.81157626
        ],
        [
          103.4483,
          0.81157626
        ],
        [
          113.7931,
          0.81157626
        ],
        [
          124.1379,
          0.81157626
        ],
        [
          134.4828,
          0.81157626
        ],
        [
          144.8276,
          0.81157626
        ],
        [
          155.1724,
          0.81157626
        ],
        [
          165.5172,
          0.81157626
        ],
        [
          175.8621,
          0.81157626
        ],
        [
          186.2069,
          0.81157626
        ],
        [
          196.5517,
          0.81157626
        ],
        [
          206.8965,
          0.81157626
        ],
        [
          217.2414,
          0.81157626
        ],
        [
          227.5862,
          0.81157626
        ],
        [
          237.931,
          0.81157626
        ],
        [
          248.2758,
          0.81157626
        ],
        [
          258.6207,
          0.81157626
        ],
        [
          268.9655,
          0.81157626
        ],
        [
          279.3103,
          0.81157626
        ],
        [
          289.6552,
          0.81157626
        ],
        [
          300.0,
          0.81157626
        ]
      ]
    }
  }
}