{
  "instance": "lagos_nigeria_145",
  "num_images": 145,
  "timeout_s": 1200,
  "objectives": [
    "min_cost",
    "cloud_coverage",
    "min_max_incidence_angle",
    "min_resolution"
  ],
  "shared_bounds": [
    [
      666923,
      18311888
    ],
    [
      0,
      1519258
    ],
    [
      46,
      537
    ],
    [
      260889,
      1376907
    ]
  ],
  "total_trace_points": 341835,
  "configs": {
    "Pure PLS": {
      "final_solutions": 42089,
      "wall_seconds": 3192.2,
      "trace_bytes": 2779009,
      "invalid_solutions": 0,
      "final_hv": 0.73400377,
      "delta_vs_pure_pls_pct": 0.0,
      "curve": [
        [
          0.0,
          0.0
        ],
        [
          41.3793,
          0.71238276
        ],
        [
          82.7586,
          0.71745159
        ],
        [
          124.1379,
          0.71768986
        ],
        [
          165.5172,
          0.71871956
        ],
        [
          206.8965,
          0.72266332
        ],
        [
          248.2759,
          0.72273648
        ],
        [
          289.6552,
          0.72278838
        ],
        [
          331.0345,
          0.72290231
        ],
        [
          372.4138,
          0.7248833
        ],
        [
          413.7931,
          0.72515546
        ],
        [
          455.1724,
          0.72518617
        ],
        [
          496.5517,
          0.725235
        ],
        [
          537.931,
          0.72524816
        ],
        [
          579.3103,
          0.726819
        ],
        [
          620.6897,
          0.7271076
        ],
        [
          662.069,
          0.72739459
        ],
        [
          703.4483,
          0.72741548
        ],
        [
          744.8276,
          0.72742232
        ],
        [
          786.2069,
          0.72912575
        ],
        [
          827.5862,
          0.72946406
        ],
        [
          868.9655,
          0.72998877
        ],
        [
          910.3448,
          0.7300275
        ],
        [
          951.7241,
          0.73133235
        ],
        [
          993.1034,
          0.73145895
        ],
        [
          1034.4827,
          0.73147737
        ],
        [
          1075.8621,
          0.73269371
        ],
        [
          1117.2414,
          0.73331029
        ],
        [
          1158.6207,
          0.73367762
        ],
        [
          1200.0,
          0.73400377
        ]
      ]
    },
    "Diverse Probe PLS": {
      "final_solutions": 62905,
      "wall_seconds": 1397.9,
      "trace_bytes": 1427396,
      "invalid_solutions": 0,
      "final_hv": 0.79211971,
      "delta_vs_pure_pls_pct": 7.9177,
      "curve": [
        [
          0.0,
          0.78307529
        ],
        [
          41.3793,
          0.79156237
        ],
        [
          82.7586,
          0.79156258
        ],
        [
          124.1379,
          0.79156261
        ],
        [
          165.5172,
          0.7919132
        ],
        [
          206.8965,
          0.7919137
        ],
        [
          248.2759,
          0.79191579
        ],
        [
          289.6552,
          0.79192052
        ],
        [
          331.0345,
          0.79192053
        ],
        [
          372.4138,
          0.79196702
        ],
        [
          413.7931,
          0.79196737
        ],
        [
          455.1724,
          0.79197162
        ],
        [
          496.5517,
          0.79197187
        ],
        [
          537.931,
          0.79197372
        ],
        [
          579.3103,
          0.79200155
        ],
        [
          620.6897,
          0.7920026
        ],
        [
          662.069,
          0.79200282
        ],
        [
          703.4483,
          0.79200381
        ],
        [
          744.8276,
          0.79200532
        ],
        [
          786.2069,
          0.79200562
        ],
        [
          827.5862,
          0.7920064
        ],
        [
          868.9655,
          0.79200713
        ],
        [
          910.3448,
          0.79200851
        ],
        [
          951.7241,
          0.79200967
        ],
        [
          993.1034,
          0.79201191
        ],
        [
          1034.4827,
          0.79201221
        ],
        [
          1075.8621,
          0.7920203
        ],
        [
          1117.2414,
          0.79211397
        ],
        [
          1158.6207,
          0.79211552
        ],
        [
          1200.0,
          0.79211971
        ]
      ]
    },
    "Scalarized PLS": {
      "final_solutions": 28604,
      "wall_seconds": 1235.2,
      "trace_bytes": 613441,
      "invalid_solutions": 0,
      "final_hv": 0.81638038,
      "delta_vs_pure_pls_pct": 11.2229,
      "curve": [
        [
          0.0,
          0.80948236
        ],
        [
          41.3793,
          0.81616249
        ],
        [
          82.7586,
          0.81622262
        ],
        [
          124.1379,
          0.81622547
        ],
        [
          165.5172,
          0.81629531
        ],
        [
          206.8965,
          0.81632199
        ],
        [
          248.2759,
          0.81632266
        ],
        [
          289.6552,
          0.81632288
        ],
        [
          331.0345,
          0.81633917
        ],
        [
          372.4138,
          0.81634188
        ],
        [
          413.7931,
          0.81634205
        ],
        [
          455.1724,
          0.81634245
        ],
        [
          496.5517,
          0.81634272
        ],
        [
          537.931,
          0.8163437
        ],
        [
          579.3103,
          0.81634381
        ],
        [
          620.6897,
          0.81634404
        ],
        [
          662.069,
          0.81634405
        ],
        [
          703.4483,
          0.81634447
        ],
        [
          744.8276,
          0.81634501
        ],
        [
          786.2069,
          0.81636699
        ],
        [
          827.5862,
          0.81636912
        ],
        [
          868.9655,
          0.81636933
        ],
        [
          910.3448,
          0.81637176
        ],
        [
          951.7241,
          0.81637185
        ],
        [
          993.1034,
          0.81637196
        ],
        [
          1034.4827,
          0.81637246
        ],
        [
          1075.8621,
          0.81637432
        ],
        [
          1117.2414,
          0.81637537
        ],
        [
          1158.6207,
          0.81637754
        ],
        [
          1200.0,
          0.81638038
        ]
      ]
    }
  }
}