{
  "instance": "mexico_city_100",
  "num_images": 100,
  "timeout_s": 1200,
  "objectives": [
    "min_cost",
    "cloud_coverage",
    "min_max_incidence_angle",
    "min_resolution"
  ],
  "shared_bounds": [
    [
      2124979,
      11906214
    ],
    [
      0,
      405259
    ],
    [
      142,
      505
    ],
    [
      101589,
      175962
    ]
  ],
  "total_trace_points": 317148,
  "configs": {
    "Pure PLS": {
      "final_solutions": 31870,
      "wall_seconds": 3899.3,
      "trace_bytes": 3090528,
      "invalid_solutions": 0,
      "final_hv": 0.90260656,
      "delta_vs_pure_pls_pct": 0.0,
      "curve": [
        [
          0.0,
          0.0
        ],
        [
          41.3793,
          0.8128657
        ],
        [
          82.7586,
          0.83784641
        ],
        [
          124.1379,
          0.84025167
        ],
        [
          165.5172,
          0.84247963
        ],
        [
          206.8965,
          0.8427681
        ],
        [
          248.2759,
          0.85339107
        ],
        [
          289.6552,
          0.85439643
        ],
        [
          331.0345,
          0.85478816
        ],
        [
          372.4138,
          0.85888847
        ],
        [
          413.7931,
          0.85913644
        ],
        [
          455.1724,
          0.85919522
        ],
        [
          496.5517,
          0.87148424
        ],
        [
          537.931,
          0.87171536
        ],
        [
          579.3103,
          0.87188497
        ],
        [
          620.6897,
          0.8732992
        ],
        [
          662.069,
          0.87351768
        ],
        [
          703.4483,
          0.87373566
        ],
        [
          744.8276,
          0.87420093
        ],
        [
          786.2069,
          0.87426407
        ],
        [
          827.5862,
          0.87435707
        ],
        [
          868.9655,
          0.87447689
        ],
        [
          910.3448,
          0.87449015
        ],
        [
          951.7241,
          0.87463965
        ],
        [
          993.1034,
          0.87466114
        ],
        [
          1034.4827,
          0.88646221
        ],
        [
          1075.8621,
          0.88654196
        ],
        [
          1117.2414,
          0.90080492
        ],
        [
          1158.6207,
          0.90227246
        ],
        [
          1200.0,
          0.90260656
        ]
      ]
    },
    "Diverse Probe PLS": {
      "final_solutions": 39966,
      "wall_seconds": 1322.2,
      "trace_bytes": 851561,
      "invalid_solutions": 0,
      "final_hv": 0.92428418,
      "delta_vs_pure_pls_pct": 2.4017,
      "curve": [
        [
          0.0,
          0.9241361
        ],
        [
          41.3793,
          0.92413614
        ],
        [
          82.7586,
          0.92413781
        ],
        [
          124.1379,
          0.92413983
        ],
        [
          165.5172,
          0.92414163
        ],
        [
          206.8965,
          0.92414781
        ],
        [
          248.2759,
          0.92415718
        ],
        [
          289.6552,
          0.92417308
        ],
        [
          331.0345,
          0.92418608
        ],
        [
          372.4138,
          0.92418791
        ],
        [
          413.7931,
          0.92419151
        ],
        [
          455.1724,
          0.92419409
        ],
        [
          496.5517,
          0.92419629
        ],
        [
          537.931,
          0.92420264
        ],
        [
          579.3103,
          0.92420337
        ],
        [
          620.6897,
          0.92420556
        ],
        [
          662.069,
          0.92420584
        ],
        [
          703.4483,
          0.92420596
        ],
        [
          744.8276,
          0.92420607
        ],
        [
          786.2069,
          0.92420616
        ],
        [
          827.5862,
          0.92420758
        ],
        [
          868.9655,
          0.92420795
        ],
        [
          910.3448,
          0.92420795
        ],
        [
          951.7241,
          0.92420799
        ],
        [
          993.1034,
          0.92420823
        ],
        [
          1034.4827,
          0.92420828
        ],
        [
          1075.8621,
          0.92420828
        ],
        [
          1117.2414,
          0.92422043
        ],
        [
          1158.6207,
          0.92427251
        ],
        [
          1200.0,
          0.92428418
        ]
      ]
    },
    "Scalarized PLS": {
      "final_solutions": 21813,
      "wall_seconds": 1230.0,
      "trace_bytes": 462153,
      "invalid_solutions": 0,
      "final_hv": 0.92189914,
      "delta_vs_pure_pls_pct": 2.1374,
      "curve": [
        [
          0.0,
          0.92178509
        ],
        [
          41.3793,
          0.92179137
        ],
        [
          82.7586,
          0.92182307
        ],
        [
          124.1379,
          0.92183952
        ],
        [
          165.5172,
          0.92184045
        ],
        [
          206.8965,
          0.92184248
        ],
        [
          248.2759,
          0.92185971
        ],
        [
          289.6552,
          0.9218614
        ],
        [
          331.0345,
          0.9218619
        ],
        [
          372.4138,
          0.92186335
        ],
        [
          413.7931,
          0.921864
        ],
        [
          455.1724,
          0.92186418
        ],
        [
          496.5517,
          0.921865
        ],
        [
          537.931,
          0.92186544
        ],
        [
          579.3103,
          0.92186569
        ],
        [
          620.6897,
          0.92186606
        ],
        [
          662.069,
          0.92186648
        ],
        [
          703.4483,
          0.9218706
        ],
        [
          744.8276,
          0.92187076
        ],
        [
          786.2069,
          0.9218719
        ],
        [
          827.5862,
          0.92187205
        ],
        [
          868.9655,
          0.92187233
        ],
        [
          910.3448,
          0.9218727
        ],
        [
          951.7241,
          0.92187308
        ],
        [
          993.1034,
          0.9218735
        ],
        [
          1034.4827,
          0.92187398
        ],
        [
          1075.8621,
          0.9218941
        ],
        [
          1117.2414,
          0.92189578
        ],
        [
          1158.6207,
          0.921898
        ],
        [
          1200.0,
          0.92189914
        ]
      ]
    }
  }
}