{
  "instance": "mexico_city_150",
  "num_images": 150,
  "timeout_s": 1200,
  "objectives": [
    "min_cost",
    "cloud_coverage",
    "min_max_incidence_angle",
    "min_resolution"
  ],
  "shared_bounds": [
    [
      623374,
      9067674
    ],
    [
      0,
      1098503
    ],
    [
      136,
      506
    ],
    [
      158122,
      852216
    ]
  ],
  "total_trace_points": 145788,
  "configs": {
    "Pure PLS": {
      "final_solutions": 12007,
      "wall_seconds": 1558.7,
      "trace_bytes": 969987,
      "invalid_solutions": 0,
      "final_hv": 0.78419422,
      "delta_vs_pure_pls_pct": 0.0,
      "curve": [
        [
          0.0,
          0.0
        ],
        [
          41.3793,
          0.73393186
        ],
        [
          82.7586,
          0.74065074
        ],
        [
          124.1379,
          0.74196735
        ],
        [
          165.5172,
          0.74264621
        ],
        [
          206.8965,
          0.74328104
        ],
        [
          248.2759,
          0.74365868
        ],
        [
          289.6552,
          0.74387218
        ],
        [
          331.0345,
          0.74393041
        ],
        [
          372.4138,
          0.7543914
        ],
        [
          413.7931,
          0.76639141
        ],
        [
          455.1724,
          0.77991797
        ],
        [
          496.5517,
          0.7806076
        ],
        [
          537.931,
          0.7811738
        ],
        [
          579.3103,
          0.78161769
        ],
        [
          620.6897,
          0.78177167
        ],
        [
          662.069,
          0.78197145
        ],
        [
          703.4483,
          0.78231307
        ],
        [
          744.8276,
          0.78249764
        ],
        [
          786.2069,
          0.78339937
        ],
        [
          827.5862,
          0.78361229
        ],
        [
          868.9655,
          0.78367829
        ],
        [
          910.3448,
          0.78368942
        ],
        [
          951.7241,
          0.78395399
        ],
        [
          993.1034,
          0.78397123
        ],
        [
          1034.4827,
          0.78398712
        ],
        [
          1075.8621,
          0.78411968
        ],
        [
          1117.2414,
          0.78415645
        ],
        [
          1158.6207,
          0.78417636
        ],
        [
          1200.0,
          0.78419422
        ]
      ]
    },
    "Diverse Probe PLS": {
      "final_solutions": 34012,
      "wall_seconds": 1281.5,
      "trace_bytes": 695551,
      "invalid_solutions": 0,
      "final_hv": 0.88351523,
      "delta_vs_pure_pls_pct": 12.6654,
      "curve": [
        [
          0.0,
          0.88339626
        ],
        [
          41.3793,
          0.8834133
        ],
        [
          82.7586,
          0.8834174
        ],
        [
          124.1379,
          0.88341779
        ],
        [
          165.5172,
          0.88342034
        ],
        [
          206.8965,
          0.88342598
        ],
        [
          248.2759,
          0.88342838
        ],
        [
          289.6552,
          0.88342853
        ],
        [
          331.0345,
          0.88344066
        ],
        [
          372.4138,
          0.8834479
        ],
        [
          413.7931,
          0.88344883
        ],
        [
          455.1724,
          0.88345416
        ],
        [
          496.5517,
          0.88345916
        ],
        [
          537.931,
          0.88346151
        ],
        [
          579.3103,
          0.8834626
        ],
        [
          620.6897,
          0.88346453
        ],
        [
          662.069,
          0.88346612
        ],
        [
          703.4483,
          0.88347106
        ],
        [
          744.8276,
          0.88347793
        ],
        [
          786.2069,
          0.88348319
        ],
        [
          827.5862,
          0.88348662
        ],
        [
          868.9655,
          0.88348687
        ],
        [
          910.3448,
          0.88349081
        ],
        [
          951.7241,
          0.88349444
        ],
        [
          993.1034,
          0.88349859
        ],
        [
          1034.4827,
          0.88350174
        ],
        [
          1075.8621,
          0.88350626
        ],
        [
          1117.2414,
          0.88351275
        ],
        [
          1158.6207,
          0.88351377
        ],
        [
          1200.0,
          0.88351523
        ]
      ]
    },
    "Scalarized PLS": {
      "final_solutions": 15206,
      "wall_seconds": 1217.2,
      "trace_bytes": 333353,
      "invalid_solutions": 0,
      "final_hv": 0.87943062,
      "delta_vs_pure_pls_pct": 12.1445,
      "curve": [
        [
          0.0,
          0.8791736
        ],
        [
          41.3793,
          0.87922012
        ],
        [
          82.7586,
          0.87926095
        ],
        [
          124.1379,
          0.8793185
        ],
        [
          165.5172,
          0.87934095
        ],
        [
          206.8965,
          0.87935922
        ],
        [
          248.2759,
          0.87937493
        ],
        [
          289.6552,
          0.87938799
        ],
        [
          331.0345,
          0.87938839
        ],
        [
          372.4138,
          0.87938958
        ],
        [
          413.7931,
          0.87938994
        ],
        [
          455.1724,
          0.87939336
        ],
        [
          496.5517,
          0.8793957
        ],
        [
          537.931,
          0.87939624
        ],
        [
          579.3103,
          0.87939625
        ],
        [
          620.6897,
          0.87939653
        ],
        [
          662.069,
          0.87939844
        ],
        [
          703.4483,
          0.8793988
        ],
        [
          744.8276,
          0.87940306
        ],
        [
          786.2069,
          0.87940496
        ],
        [
          827.5862,
          0.879408
        ],
        [
          868.9655,
          0.87941078
        ],
        [
          910.3448,
          0.87941552
        ],
        [
          951.7241,
          0.8794175
        ],
        [
          993.1034,
          0.87941818
        ],
        [
          1034.4827,
          0.87941967
        ],
        [
          1075.8621,
          0.87942519
        ],
        [
          1117.2414,
          0.87942574
        ],
        [
          1158.6207,
          0.87942907
        ],
        [
          1200.0,
          0.87943062
        ]
      ]
    }
  }
}