{
  "instance": "mexico_city_50",
  "num_images": 50,
  "timeout_s": 300,
  "objectives": [
    "min_cost",
    "cloud_coverage",
    "min_max_incidence_angle",
    "min_resolution"
  ],
  "shared_bounds": [
    [
      2636719,
      9336977
    ],
    [
      0,
      523895
    ],
    [
      188,
      501
    ],
    [
      25281,
      39646
    ]
  ],
  "total_trace_points": 52585,
  "configs": {
    "Pure PLS": {
      "final_solutions": 4129,
      "wall_seconds": 440.1,
      "trace_bytes": 483490,
      "invalid_solutions": 0,
      "final_hv": 0.92309585,
      "delta_vs_pure_pls_pct": 0.0,
      "curve": [
        [
          0.0,
          0.0
        ],
        [
          10.3448,
          0.88687816
        ],
        [
          20.6897,
          0.88946445
        ],
        [
          31.0345,
          0.8931708
        ],
        [
          41.3793,
          0.89442294
        ],
        [
          51.7241,
          0.91269064
        ],
        [
          62.069,
          0.91482583
        ],
        [
          72.4138,
          0.91524143
        ],
        [
          82.7586,
          0.91586831
        ],
        [
          93.1034,
          0.91692935
        ],
        [
          103.4483,
          0.91744046
        ],
        [
          113.7931,
          0.92133533
        ],
        [
          124.1379,
          0.92206532
        ],
        [
          134.4828,
          0.92222736
        ],
        [
          144.8276,
          0.922261
        ],
        [
          155.1724,
          0.92254842
        ],
        [
          165.5172,
          0.92307355
        ],
        [
          175.8621,
          0.92308664
        ],
        [
          186.2069,
          0.92308884
        ],
        [
          196.5517,
          0.92308885
        ],
        [
          206.8965,
          0.92309118
        ],
        [
          217.2414,
          0.92309516
        ],
        [
          227.5862,
          0.92309518
        ],
        [
          237.931,
          0.92309519
        ],
        [
          248.2758,
          0.92309519
        ],
        [
          258.6207,
          0.92309523
        ],
        [
          268.9655,
          0.92309555
        ],
        [
          279.3103,
          0.92309563
        ],
        [
          289.6552,
          0.92309563
        ],
        [
          300.0,
          0.92309585
        ]
      ]
    },
    "Diverse Probe PLS": {
      "final_solutions": 3965,
      "wall_seconds": 304.0,
      "trace_bytes": 113196,
      "invalid_solutions": 0,
      "final_hv": 0.92287596,
      "delta_vs_pure_pls_pct": -0.0238,
      "curve": [
        [
          0.0,
          0.92156562
        ],
        [
          10.3448,
          0.92173154
        ],
        [
          20.6897,
          0.92253621
        ],
        [
          31.0345,
          0.92255189
        ],
        [
          41.3793,
          0.92255516
        ],
        [
          51.7241,
          0.92255574
        ],
        [
          62.069,
          0.92255575
        ],
        [
          72.4138,
          0.92255581
        ],
        [
          82.7586,
          0.92256353
        ],
        [
          93.1034,
          0.92256353
        ],
        [
          103.4483,
          0.92261138
        ],
        [
          113.7931,
          0.92261138
        ],
        [
          124.1379,
          0.92261718
        ],
        [
          134.4828,
          0.92261718
        ],
        [
          144.8276,
          0.92261718
        ],
        [
          155.1724,
          0.92261771
        ],
        [
          165.5172,
          0.92261771
        ],
        [
          175.8621,
          0.92261774
        ],
        [
          186.2069,
          0.92276174
        ],
        [
          196.5517,
          0.92287593
        ],
        [
          206.8965,
          0.92287593
        ],
        [
          217.2414,
          0.92287595
        ],
        [
          227.5862,
          0.92287595
        ],
        [
          237.931,
          0.92287595
        ],
        [
          248.2758,
          0.92287595
        ],
        [
          258.6207,
          0.92287596
        ],
        [
          268.9655,
          0.92287596
        ],
        [
          279.3103,
          0.92287596
        ],
        [
          289.6552,
          0.92287596
        ],
        [
          300.0,
          0.92287596
        ]
      ]
    },
    "Scalarized PLS": {
      "final_solutions": 3780,
      "wall_seconds": 35.2,
      "trace_bytes": 94607,
      "invalid_solutions": 0,
      "final_hv": 0.92150478,
      "delta_vs_pure_pls_pct": -0.1724,
      "curve": [
        [
          0.0,
          0.91991344
        ],
        [
          10.3448,
          0.92146881
        ],
        [
          20.6897,
          0.9214974
        ],
        [
          31.0345,
          0.92150476
        ],
        [
          41.3793,
          0.92150478
        ],
        [
          51.7241,
          0.92150478
        ],
        [
          62.069,
          0.92150478
        ],
        [
          72.4138,
          0.92150478
        ],
        [
          82.7586,
          0.92150478
        ],
        [
          93.1034,
          0.92150478
        ],
        [
          103.4483,
          0.92150478
        ],
        [
          113.7931,
          0.92150478
        ],
        [
          124.1379,
          0.92150478
        ],
        [
          134.4828,
          0.92150478
        ],
        [
          144.8276,
          0.92150478
        ],
        [
          155.1724,
          0.92150478
        ],
        [
          165.5172,
          0.92150478
        ],
        [
          175.8621,
          0.92150478
        ],
        [
          186.2069,
          0.92150478
        ],
        [
          196.5517,
          0.92150478
        ],
        [
          206.8965,
          0.92150478
        ],
        [
          217.2414,
          0.92150478
        ],
        [
          227.5862,
          0.92150478
        ],
        [
          237.931,
          0.92150478
        ],
        [
          248.2758,
          0.92150478
        ],
        [
          258.6207,
          0.92150478
        ],
        [
          268.9655,
          0.92150478
        ],
        [
          279.3103,
          0.92150478
        ],
        [
          289.6552,
          0.92150478
        ],
        [
          300.0,
          0.92150478
        ]
      ]
    }
  }
}