{
  "instance": "paris_50",
  "num_images": 50,
  "timeout_s": 300,
  "objectives": [
    "min_cost",
    "cloud_coverage",
    "min_max_incidence_angle",
    "min_resolution"
  ],
  "shared_bounds": [
    [
      3509805,
      13760126
    ],
    [
      5321,
      782830
    ],
    [
      191,
      466
    ],
    [
      30261,
      43280
    ]
  ],
  "total_trace_points": 98482,
  "configs": {
    "Pure PLS": {
      "final_solutions": 10703,
      "wall_seconds": 426.3,
      "trace_bytes": 759692,
      "invalid_solutions": 0,
      "final_hv": 0.85332252,
      "delta_vs_pure_pls_pct": 0.0,
      "curve": [
        [
          0.0,
          0.0
        ],
        [
          10.3448,
          0.80729494
        ],
        [
          20.6897,
          0.81225492
        ],
        [
          31.0345,
          0.8225813
        ],
        [
          41.3793,
          0.83117654
        ],
        [
          51.7241,
          0.8327374
        ],
        [
          62.069,
          0.83319065
        ],
        [
          72.4138,
          0.83348334
        ],
        [
          82.7586,
          0.83508144
        ],
        [
          93.1034,
          0.83574986
        ],
        [
          103.4483,
          0.8402423
        ],
        [
          113.7931,
          0.84201798
        ],
        [
          124.1379,
          0.84504962
        ],
        [
          134.4828,
          0.84533988
        ],
        [
          144.8276,
          0.84569062
        ],
        [
          155.1724,
          0.84650219
        ],
        [
          165.5172,
          0.84684501
        ],
        [
          175.8621,
          0.84742542
        ],
        [
          186.2069,
          0.84779237
        ],
        [
          196.5517,
          0.84934597
        ],
        [
          206.8965,
          0.85050274
        ],
        [
          217.2414,
          0.85124292
        ],
        [
          227.5862,
          0.85145176
        ],
        [
          237.931,
          0.85151906
        ],
        [
          248.2758,
          0.8515713
        ],
        [
          258.6207,
          0.85163703
        ],
        [
          268.9655,
          0.85174374
        ],
        [
          279.3103,
          0.85184515
        ],
        [
          289.6552,
          0.85281898
        ],
        [
          300.0,
          0.85332252
        ]
      ]
    },
    "Diverse Probe PLS": {
      "final_solutions": 13590,
      "wall_seconds": 323.8,
      "trace_bytes": 339621,
      "invalid_solutions": 0,
      "final_hv": 0.85500952,
      "delta_vs_pure_pls_pct": 0.1977,
      "curve": [
        [
          0.0,
          0.8541016
        ],
        [
          10.3448,
          0.85415217
        ],
        [
          20.6897,
          0.85461526
        ],
        [
          31.0345,
          0.85467961
        ],
        [
          41.3793,
          0.85477204
        ],
        [
          51.7241,
          0.85478273
        ],
        [
          62.069,
          0.85478827
        ],
        [
          72.4138,
          0.85486446
        ],
        [
          82.7586,
          0.85492409
        ],
        [
          93.1034,
          0.85492695
        ],
        [
          103.4483,
          0.85492744
        ],
        [
          113.7931,
          0.85492836
        ],
        [
          124.1379,
          0.85496892
        ],
        [
          134.4828,
          0.85496954
        ],
        [
          144.8276,
          0.85496956
        ],
        [
          155.1724,
          0.85496961
        ],
        [
          165.5172,
          0.85496962
        ],
        [
          175.8621,
          0.85496976
        ],
        [
          186.2069,
          0.85496976
        ],
        [
          196.5517,
          0.85496976
        ],
        [
          206.8965,
          0.85497093
        ],
        [
          217.2414,
          0.85497319
        ],
        [
          227.5862,
          0.85497321
        ],
        [
          237.931,
          0.85497321
        ],
        [
          248.2758,
          0.85497323
        ],
        [
          258.6207,
          0.85497323
        ],
        [
          268.9655,
          0.85500946
        ],
        [
          279.3103,
          0.8550095
        ],
        [
          289.6552,
          0.85500952
        ],
        [
          300.0,
          0.85500952
        ]
      ]
    },
    "Scalarized PLS": {
      "final_solutions": 11207,
      "wall_seconds": 250.9,
      "trace_bytes": 253473,
      "invalid_solutions": 0,
      "final_hv": 0.85259083,
      "delta_vs_pure_pls_pct": -0.0857,
      "curve": [
        [
          0.0,
          0.85219342
        ],
        [
          10.3448,
          0.85235184
        ],
        [
          20.6897,
          0.85236476
        ],
        [
          31.0345,
          0.85245142
        ],
        [
          41.3793,
          0.85245241
        ],
        [
          51.7241,
          0.85245508
        ],
        [
          62.069,
          0.85252691
        ],
        [
          72.4138,
          0.8525318
        ],
        [
          82.7586,
          0.852533
        ],
        [
          93.1034,
          0.85253308
        ],
        [
          103.4483,
          0.85253455
        ],
        [
          113.7931,
          0.85255351
        ],
        [
          124.1379,
          0.85255428
        ],
        [
          134.4828,
          0.85255479
        ],
        [
          144.8276,
          0.85255601
        ],
        [
          155.1724,
          0.85257134
        ],
        [
          165.5172,
          0.85257454
        ],
        [
          175.8621,
          0.85257519
        ],
        [
          186.2069,
          0.85257631
        ],
        [
          196.5517,
          0.85257669
        ],
        [
          206.8965,
          0.85258423
        ],
        [
          217.2414,
          0.85258979
        ],
        [
          227.5862,
          0.85259082
        ],
        [
          237.931,
          0.85259083
        ],
        [
          248.2758,
          0.85259083
        ],
        [
          258.6207,
          0.85259083
        ],
        [
          268.9655,
          0.85259083
        ],
        [
          279.3103,
          0.85259083
        ],
        [
          289.6552,
          0.85259083
        ],
        [
          300.0,
          0.85259083
        ]
      ]
    }
  }
}