{
  "instance": "paris_100",
  "num_images": 100,
  "timeout_s": 1200,
  "objectives": [
    "min_cost",
    "cloud_coverage",
    "min_max_incidence_angle",
    "min_resolution"
  ],
  "shared_bounds": [
    [
      2718879,
      13979955
    ],
    [
      0,
      2728966
    ],
    [
      173,
      523
    ],
    [
      137179,
      233948
    ]
  ],
  "total_trace_points": 368652,
  "configs": {
    "Pure PLS": {
      "final_solutions": 27669,
      "wall_seconds": 4135.9,
      "trace_bytes": 3185445,
      "invalid_solutions": 0,
      "final_hv": 0.78295974,
      "delta_vs_pure_pls_pct": 0.0,
      "curve": [
        [
          0.0,
          0.0
        ],
        [
          41.3793,
          0.68037642
        ],
        [
          82.7586,
          0.68762669
        ],
        [
          124.1379,
          0.69166952
        ],
        [
          165.5172,
          0.69494923
        ],
        [
          206.8965,
          0.69652761
        ],
        [
          248.2759,
          0.69741749
        ],
        [
          289.6552,
          0.69818822
        ],
        [
          331.0345,
          0.69936187
        ],
        [
          372.4138,
          0.6996516
        ],
        [
          413.7931,
          0.70048514
        ],
        [
          455.1724,
          0.7010637
        ],
        [
          496.5517,
          0.70131845
        ],
        [
          537.931,
          0.70164635
        ],
        [
          579.3103,
          0.70188583
        ],
        [
          620.6897,
          0.70207804
        ],
        [
          662.069,
          0.70226125
        ],
        [
          703.4483,
          0.70257971
        ],
        [
          744.8276,
          0.74870012
        ],
        [
          786.2069,
          0.76002222
        ],
        [
          827.5862,
          0.77655786
        ],
        [
          868.9655,
          0.77730216
        ],
        [
          910.3448,
          0.77765359
        ],
        [
          951.7241,
          0.77790885
        ],
        [
          993.1034,
          0.7797638
        ],
        [
          1034.4827,
          0.78010198
        ],
        [
          1075.8621,
          0.78264591
        ],
        [
          1117.2414,
          0.78285424
        ],
        [
          1158.6207,
          0.78293351
        ],
        [
          1200.0,
          0.78295974
        ]
      ]
    },
    "Diverse Probe PLS": {
      "final_solutions": 63150,
      "wall_seconds": 1481.9,
      "trace_bytes": 1446732,
      "invalid_solutions": 0,
      "final_hv": 0.89444944,
      "delta_vs_pure_pls_pct": 14.2395,
      "curve": [
        [
          0.0,
          0.89425883
        ],
        [
          41.3793,
          0.89425977
        ],
        [
          82.7586,
          0.89426491
        ],
        [
          124.1379,
          0.89427133
        ],
        [
          165.5172,
          0.89428226
        ],
        [
          206.8965,
          0.8943086
        ],
        [
          248.2759,
          0.89433446
        ],
        [
          289.6552,
          0.89436502
        ],
        [
          331.0345,
          0.89440515
        ],
        [
          372.4138,
          0.89441129
        ],
        [
          413.7931,
          0.89441291
        ],
        [
          455.1724,
          0.89441671
        ],
        [
          496.5517,
          0.89441942
        ],
        [
          537.931,
          0.89442026
        ],
        [
          579.3103,
          0.89442318
        ],
        [
          620.6897,
          0.89442477
        ],
        [
          662.069,
          0.89442521
        ],
        [
          703.4483,
          0.89442602
        ],
        [
          744.8276,
          0.89443096
        ],
        [
          786.2069,
          0.89443213
        ],
        [
          827.5862,
          0.89443343
        ],
        [
          868.9655,
          0.89443455
        ],
        [
          910.3448,
          0.89443545
        ],
        [
          951.7241,
          0.89443748
        ],
        [
          993.1034,
          0.89443858
        ],
        [
          1034.4827,
          0.89443901
        ],
        [
          1075.8621,
          0.89444201
        ],
        [
          1117.2414,
          0.89444535
        ],
        [
          1158.6207,
          0.89444727
        ],
        [
          1200.0,
          0.89444944
        ]
      ]
    },
    "Scalarized PLS": {
      "final_solutions": 26657,
      "wall_seconds": 1238.9,
      "trace_bytes": 577978,
      "invalid_solutions": 0,
      "final_hv": 0.88045219,
      "delta_vs_pure_pls_pct": 12.4518,
      "curve": [
        [
          0.0,
          0.88025995
        ],
        [
          41.3793,
          0.88027816
        ],
        [
          82.7586,
          0.8803221
        ],
        [
          124.1379,
          0.88036193
        ],
        [
          165.5172,
          0.88037532
        ],
        [
          206.8965,
          0.88038371
        ],
        [
          248.2759,
          0.88038846
        ],
        [
          289.6552,
          0.8803906
        ],
        [
          331.0345,
          0.88039159
        ],
        [
          372.4138,
          0.88040873
        ],
        [
          413.7931,
          0.88040937
        ],
        [
          455.1724,
          0.88041545
        ],
        [
          496.5517,
          0.88041778
        ],
        [
          537.931,
          0.88041816
        ],
        [
          579.3103,
          0.88041893
        ],
        [
          620.6897,
          0.88041968
        ],
        [
          662.069,
          0.88042464
        ],
        [
          703.4483,
          0.88042498
        ],
        [
          744.8276,
          0.88042506
        ],
        [
          786.2069,
          0.88042516
        ],
        [
          827.5862,
          0.88042722
        ],
        [
          868.9655,
          0.88042776
        ],
        [
          910.3448,
          0.8804314
        ],
        [
          951.7241,
          0.88043179
        ],
        [
          993.1034,
          0.88043281
        ],
        [
          1034.4827,
          0.88043878
        ],
        [
          1075.8621,
          0.88044788
        ],
        [
          1117.2414,
          0.88044956
        ],
        [
          1158.6207,
          0.88044975
        ],
        [
          1200.0,
          0.88045219
        ]
      ]
    }
  }
}