{
  "instance": "paris_150",
  "num_images": 150,
  "timeout_s": 1200,
  "objectives": [
    "min_cost",
    "cloud_coverage",
    "min_max_incidence_angle",
    "min_resolution"
  ],
  "shared_bounds": [
    [
      2849739,
      16587821
    ],
    [
      0,
      2628299
    ],
    [
      148,
      475
    ],
    [
      332722,
      573213
    ]
  ],
  "total_trace_points": 334089,
  "configs": {
    "Pure PLS": {
      "final_solutions": 36470,
      "wall_seconds": 3213.1,
      "trace_bytes": 3057588,
      "invalid_solutions": 0,
      "final_hv": 0.87555644,
      "delta_vs_pure_pls_pct": 0.0,
      "curve": [
        [
          0.0,
          0.0
        ],
        [
          41.3793,
          0.74314591
        ],
        [
          82.7586,
          0.75960403
        ],
        [
          124.1379,
          0.77564848
        ],
        [
          165.5172,
          0.79280513
        ],
        [
          206.8965,
          0.79304881
        ],
        [
          248.2759,
          0.84823663
        ],
        [
          289.6552,
          0.84853828
        ],
        [
          331.0345,
          0.85255832
        ],
        [
          372.4138,
          0.85665946
        ],
        [
          413.7931,
          0.85838451
        ],
        [
          455.1724,
          0.8585999
        ],
        [
          496.5517,
          0.86085848
        ],
        [
          537.931,
          0.86204081
        ],
        [
          579.3103,
          0.86312849
        ],
        [
          620.6897,
          0.86335238
        ],
        [
          662.069,
          0.86339411
        ],
        [
          703.4483,
          0.86492696
        ],
        [
          744.8276,
          0.86558243
        ],
        [
          786.2069,
          0.86774828
        ],
        [
          827.5862,
          0.86778335
        ],
        [
          868.9655,
          0.8679068
        ],
        [
          910.3448,
          0.86811843
        ],
        [
          951.7241,
          0.8682095
        ],
        [
          993.1034,
          0.87360964
        ],
        [
          1034.4827,
          0.8738191
        ],
        [
          1075.8621,
          0.8739887
        ],
        [
          1117.2414,
          0.87532648
        ],
        [
          1158.6207,
          0.87537495
        ],
        [
          1200.0,
          0.87555644
        ]
      ]
    },
    "Diverse Probe PLS": {
      "final_solutions": 35714,
      "wall_seconds": 1299.0,
      "trace_bytes": 794246,
      "invalid_solutions": 0,
      "final_hv": 0.94478537,
      "delta_vs_pure_pls_pct": 7.9069,
      "curve": [
        [
          0.0,
          0.94469032
        ],
        [
          41.3793,
          0.94469032
        ],
        [
          82.7586,
          0.94469032
        ],
        [
          124.1379,
          0.94469032
        ],
        [
          165.5172,
          0.94469032
        ],
        [
          206.8965,
          0.94469032
        ],
        [
          248.2759,
          0.94469032
        ],
        [
          289.6552,
          0.94469051
        ],
        [
          331.0345,
          0.94469051
        ],
        [
          372.4138,
          0.94469059
        ],
        [
          413.7931,
          0.94469061
        ],
        [
          455.1724,
          0.94469165
        ],
        [
          496.5517,
          0.94469166
        ],
        [
          537.931,
          0.94469326
        ],
        [
          579.3103,
          0.94469336
        ],
        [
          620.6897,
          0.94469576
        ],
        [
          662.069,
          0.94469632
        ],
        [
          703.4483,
          0.94471205
        ],
        [
          744.8276,
          0.9447152
        ],
        [
          786.2069,
          0.9447207
        ],
        [
          827.5862,
          0.94472324
        ],
        [
          868.9655,
          0.94473751
        ],
        [
          910.3448,
          0.94474593
        ],
        [
          951.7241,
          0.94474883
        ],
        [
          993.1034,
          0.94475859
        ],
        [
          1034.4827,
          0.94476218
        ],
        [
          1075.8621,
          0.94477002
        ],
        [
          1117.2414,
          0.94477072
        ],
        [
          1158.6207,
          0.94478512
        ],
        [
          1200.0,
          0.94478537
        ]
      ]
    },
    "Scalarized PLS": {
      "final_solutions": 41455,
      "wall_seconds": 1278.7,
      "trace_bytes": 916267,
      "invalid_solutions": 0,
      "final_hv": 0.94373693,
      "delta_vs_pure_pls_pct": 7.7871,
      "curve": [
        [
          0.0,
          0.94357428
        ],
        [
          41.3793,
          0.94357428
        ],
        [
          82.7586,
          0.94357428
        ],
        [
          124.1379,
          0.94359982
        ],
        [
          165.5172,
          0.94362302
        ],
        [
          206.8965,
          0.94362397
        ],
        [
          248.2759,
          0.94363462
        ],
        [
          289.6552,
          0.94363796
        ],
        [
          331.0345,
          0.94366163
        ],
        [
          372.4138,
          0.94367107
        ],
        [
          413.7931,
          0.94368068
        ],
        [
          455.1724,
          0.94368113
        ],
        [
          496.5517,
          0.94368578
        ],
        [
          537.931,
          0.94368619
        ],
        [
          579.3103,
          0.943688
        ],
        [
          620.6897,
          0.94368907
        ],
        [
          662.069,
          0.94370196
        ],
        [
          703.4483,
          0.94370279
        ],
        [
          744.8276,
          0.94370678
        ],
        [
          786.2069,
          0.94371282
        ],
        [
          827.5862,
          0.94371777
        ],
        [
          868.9655,
          0.94371834
        ],
        [
          910.3448,
          0.94372079
        ],
        [
          951.7241,
          0.94372324
        ],
        [
          993.1034,
          0.94372635
        ],
        [
          1034.4827,
          0.94372649
        ],
        [
          1075.8621,
          0.94372725
        ],
        [
          1117.2414,
          0.94372733
        ],
        [
          1158.6207,
          0.94372872
        ],
        [
          1200.0,
          0.94373693
        ]
      ]
    }
  }
}