{
  "instance": "rio_de_janeiro_100",
  "num_images": 100,
  "timeout_s": 1200,
  "objectives": [
    "min_cost",
    "cloud_coverage",
    "min_max_incidence_angle",
    "min_resolution"
  ],
  "shared_bounds": [
    [
      2549879,
      13242149
    ],
    [
      214,
      720952
    ],
    [
      287,
      469
    ],
    [
      178471,
      271093
    ]
  ],
  "total_trace_points": 172391,
  "configs": {
    "Pure PLS": {
      "final_solutions": 12104,
      "wall_seconds": 2722.3,
      "trace_bytes": 1621683,
      "invalid_solutions": 0,
      "final_hv": 0.93697113,
      "delta_vs_pure_pls_pct": 0.0,
      "curve": [
        [
          0.0,
          0.0
        ],
        [
          41.3793,
          0.85814629
        ],
        [
          82.7586,
          0.85930151
        ],
        [
          124.1379,
          0.85988844
        ],
        [
          165.5172,
          0.85994965
        ],
        [
          206.8965,
          0.85995317
        ],
        [
          248.2759,
          0.90959562
        ],
        [
          289.6552,
          0.91035142
        ],
        [
          331.0345,
          0.9142049
        ],
        [
          372.4138,
          0.91434186
        ],
        [
          413.7931,
          0.91442782
        ],
        [
          455.1724,
          0.91449484
        ],
        [
          496.5517,
          0.91453713
        ],
        [
          537.931,
          0.91454093
        ],
        [
          579.3103,
          0.91458827
        ],
        [
          620.6897,
          0.9146558
        ],
        [
          662.069,
          0.93121467
        ],
        [
          703.4483,
          0.93230816
        ],
        [
          744.8276,
          0.93265829
        ],
        [
          786.2069,
          0.93326902
        ],
        [
          827.5862,
          0.93354953
        ],
        [
          868.9655,
          0.93357848
        ],
        [
          910.3448,
          0.93364106
        ],
        [
          951.7241,
          0.93366675
        ],
        [
          993.1034,
          0.93369192
        ],
        [
          1034.4827,
          0.93377375
        ],
        [
          1075.8621,
          0.93380511
        ],
        [
          1117.2414,
          0.93492706
        ],
        [
          1158.6207,
          0.93627116
        ],
        [
          1200.0,
          0.93697113
        ]
      ]
    },
    "Diverse Probe PLS": {
      "final_solutions": 18578,
      "wall_seconds": 1231.4,
      "trace_bytes": 428128,
      "invalid_solutions": 0,
      "final_hv": 0.93871743,
      "delta_vs_pure_pls_pct": 0.1864,
      "curve": [
        [
          0.0,
          0.93843223
        ],
        [
          41.3793,
          0.93844196
        ],
        [
          82.7586,
          0.93845051
        ],
        [
          124.1379,
          0.93847375
        ],
        [
          165.5172,
          0.93849169
        ],
        [
          206.8965,
          0.93849278
        ],
        [
          248.2759,
          0.93849343
        ],
        [
          289.6552,
          0.93849362
        ],
        [
          331.0345,
          0.93849364
        ],
        [
          372.4138,
          0.93849364
        ],
        [
          413.7931,
          0.93849364
        ],
        [
          455.1724,
          0.93849364
        ],
        [
          496.5517,
          0.93849364
        ],
        [
          537.931,
          0.93849364
        ],
        [
          579.3103,
          0.93849583
        ],
        [
          620.6897,
          0.93849797
        ],
        [
          662.069,
          0.938498
        ],
        [
          703.4483,
          0.93849802
        ],
        [
          744.8276,
          0.9385047
        ],
        [
          786.2069,
          0.93850777
        ],
        [
          827.5862,
          0.93852108
        ],
        [
          868.9655,
          0.93852108
        ],
        [
          910.3448,
          0.93852108
        ],
        [
          951.7241,
          0.93852108
        ],
        [
          993.1034,
          0.93870836
        ],
        [
          1034.4827,
          0.9387137
        ],
        [
          1075.8621,
          0.93871373
        ],
        [
          1117.2414,
          0.93871607
        ],
        [
          1158.6207,
          0.9387174
        ],
        [
          1200.0,
          0.93871743
        ]
      ]
    },
    "Scalarized PLS": {
      "final_solutions": 11793,
      "wall_seconds": 1208.6,
      "trace_bytes": 249334,
      "invalid_solutions": 0,
      "final_hv": 0.93758716,
      "delta_vs_pure_pls_pct": 0.0657,
      "curve": [
        [
          0.0,
          0.93753383
        ],
        [
          41.3793,
          0.93754526
        ],
        [
          82.7586,
          0.93756781
        ],
        [
          124.1379,
          0.9375831
        ],
        [
          165.5172,
          0.93758395
        ],
        [
          206.8965,
          0.93758398
        ],
        [
          248.2759,
          0.9375841
        ],
        [
          289.6552,
          0.93758412
        ],
        [
          331.0345,
          0.93758414
        ],
        [
          372.4138,
          0.93758418
        ],
        [
          413.7931,
          0.93758424
        ],
        [
          455.1724,
          0.93758483
        ],
        [
          496.5517,
          0.93758494
        ],
        [
          537.931,
          0.93758495
        ],
        [
          579.3103,
          0.93758496
        ],
        [
          620.6897,
          0.93758498
        ],
        [
          662.069,
          0.93758505
        ],
        [
          703.4483,
          0.93758506
        ],
        [
          744.8276,
          0.93758508
        ],
        [
          786.2069,
          0.93758516
        ],
        [
          827.5862,
          0.93758519
        ],
        [
          868.9655,
          0.93758522
        ],
        [
          910.3448,
          0.93758523
        ],
        [
          951.7241,
          0.9375853
        ],
        [
          993.1034,
          0.93758552
        ],
        [
          1034.4827,
          0.9375856
        ],
        [
          1075.8621,
          0.93758586
        ],
        [
          1117.2414,
          0.93758589
        ],
        [
          1158.6207,
          0.93758685
        ],
        [
          1200.0,
          0.93758716
        ]
      ]
    }
  }
}