{
  "instance": "rio_de_janeiro_50",
  "num_images": 50,
  "timeout_s": 300,
  "objectives": [
    "min_cost",
    "cloud_coverage",
    "min_max_incidence_angle",
    "min_resolution"
  ],
  "shared_bounds": [
    [
      3131779,
      7999760
    ],
    [
      315,
      555229
    ],
    [
      187,
      345
    ],
    [
      38299,
      56891
    ]
  ],
  "total_trace_points": 20440,
  "configs": {
    "Pure PLS": {
      "final_solutions": 1966,
      "wall_seconds": 310.6,
      "trace_bytes": 160080,
      "invalid_solutions": 0,
      "final_hv": 0.6434274,
      "delta_vs_pure_pls_pct": 0.0,
      "curve": [
        [
          0.0,
          0.0
        ],
        [
          10.3448,
          0.62949531
        ],
        [
          20.6897,
          0.63910176
        ],
        [
          31.0345,
          0.64185864
        ],
        [
          41.3793,
          0.64285247
        ],
        [
          51.7241,
          0.64301616
        ],
        [
          62.069,
          0.64314681
        ],
        [
          72.4138,
          0.64333987
        ],
        [
          82.7586,
          0.64334673
        ],
        [
          93.1034,
          0.64334684
        ],
        [
          103.4483,
          0.64334684
        ],
        [
          113.7931,
          0.64335315
        ],
        [
          124.1379,
          0.64335315
        ],
        [
          134.4828,
          0.64335366
        ],
        [
          144.8276,
          0.64342731
        ],
        [
          155.1724,
          0.64342731
        ],
        [
          165.5172,
          0.64342731
        ],
        [
          175.8621,
          0.64342731
        ],
        [
          186.2069,
          0.64342731
        ],
        [
          196.5517,
          0.64342731
        ],
        [
          206.8965,
          0.64342731
        ],
        [
          217.2414,
          0.64342731
        ],
        [
          227.5862,
          0.64342734
        ],
        [
          237.931,
          0.64342735
        ],
        [
          248.2758,
          0.6434274
        ],
        [
          258.6207,
          0.6434274
        ],
        [
          268.9655,
          0.6434274
        ],
        [
          279.3103,
          0.6434274
        ],
        [
          289.6552,
          0.6434274
        ],
        [
          300.0,
          0.6434274
        ]
      ]
    },
    "Diverse Probe PLS": {
      "final_solutions": 1865,
      "wall_seconds": 96.4,
      "trace_bytes": 49774,
      "invalid_solutions": 0,
      "final_hv": 0.64305554,
      "delta_vs_pure_pls_pct": -0.0578,
      "curve": [
        [
          0.0,
          0.6416923
        ],
        [
          10.3448,
          0.64283978
        ],
        [
          20.6897,
          0.6430271
        ],
        [
          31.0345,
          0.64302903
        ],
        [
          41.3793,
          0.64302924
        ],
        [
          51.7241,
          0.64305554
        ],
        [
          62.069,
          0.64305554
        ],
        [
          72.4138,
          0.64305554
        ],
        [
          82.7586,
          0.64305554
        ],
        [
          93.1034,
          0.64305554
        ],
        [
          103.4483,
          0.64305554
        ],
        [
          113.7931,
          0.64305554
        ],
        [
          124.1379,
          0.64305554
        ],
        [
          134.4828,
          0.64305554
        ],
        [
          144.8276,
          0.64305554
        ],
        [
          155.1724,
          0.64305554
        ],
        [
          165.5172,
          0.64305554
        ],
        [
          175.8621,
          0.64305554
        ],
        [
          186.2069,
          0.64305554
        ],
        [
          196.5517,
          0.64305554
        ],
        [
          206.8965,
          0.64305554
        ],
        [
          217.2414,
          0.64305554
        ],
        [
          227.5862,
          0.64305554
        ],
        [
          237.931,
          0.64305554
        ],
        [
          248.2758,
          0.64305554
        ],
        [
          258.6207,
          0.64305554
        ],
        [
          268.9655,
          0.64305554
        ],
        [
          279.3103,
          0.64305554
        ],
        [
          289.6552,
          0.64305554
        ],
        [
          300.0,
          0.64305554
        ]
      ]
    },
    "Scalarized PLS": {
      "final_solutions": 1714,
      "wall_seconds": 14.7,
      "trace_bytes": 36013,
      "invalid_solutions": 0,
      "final_hv": 0.64287209,
      "delta_vs_pure_pls_pct": -0.0863,
      "curve": [
        [
          0.0,
          0.64222296
        ],
        [
          10.3448,
          0.64285045
        ],
        [
          20.6897,
          0.64287209
        ],
        [
          31.0345,
          0.64287209
        ],
        [
          41.3793,
          0.64287209
        ],
        [
          51.7241,
          0.64287209
        ],
        [
          62.069,
          0.64287209
        ],
        [
          72.4138,
          0.64287209
        ],
        [
          82.7586,
          0.64287209
        ],
        [
          93.1034,
          0.64287209
        ],
        [
          103.4483,
          0.64287209
        ],
        [
          113.7931,
          0.64287209
        ],
        [
          124.1379,
          0.64287209
        ],
        [
          134.4828,
          0.64287209
        ],
        [
          144.8276,
          0.64287209
        ],
        [
          155.1724,
          0.64287209
        ],
        [
          165.5172,
          0.64287209
        ],
        [
          175.8621,
          0.64287209
        ],
        [
          186.2069,
          0.64287209
        ],
        [
          196.5517,
          0.64287209
        ],
        [
          206.8965,
          0.64287209
        ],
        [
          217.2414,
          0.64287209
        ],
        [
          227.5862,
          0.64287209
        ],
        [
          237.931,
          0.64287209
        ],
        [
          248.2758,
          0.64287209
        ],
        [
          258.6207,
          0.64287209
        ],
        [
          268.9655,
          0.64287209
        ],
        [
          279.3103,
          0.64287209
        ],
        [
          289.6552,
          0.64287209
        ],
        [
          300.0,
          0.64287209
        ]
      ]
    }
  }
}