{
  "instance": "rio_de_janeiro_150",
  "num_images": 150,
  "timeout_s": 1200,
  "objectives": [
    "min_cost",
    "cloud_coverage",
    "min_max_incidence_angle",
    "min_resolution"
  ],
  "shared_bounds": [
    [
      2086329,
      15124809
    ],
    [
      42,
      1053248
    ],
    [
      144,
      483
    ],
    [
      386657,
      669680
    ]
  ],
  "total_trace_points": 221386,
  "configs": {
    "Pure PLS": {
      "final_solutions": 6967,
      "wall_seconds": 1984.0,
      "trace_bytes": 1142277,
      "invalid_solutions": 0,
      "final_hv": 0.78173805,
      "delta_vs_pure_pls_pct": 0.0,
      "curve": [
        [
          0.0,
          0.0
        ],
        [
          41.3793,
          0.52315864
        ],
        [
          82.7586,
          0.52509577
        ],
        [
          124.1379,
          0.52747479
        ],
        [
          165.5172,
          0.52835737
        ],
        [
          206.8965,
          0.53393489
        ],
        [
          248.2759,
          0.53634455
        ],
        [
          289.6552,
          0.71531644
        ],
        [
          331.0345,
          0.72140955
        ],
        [
          372.4138,
          0.72272497
        ],
        [
          413.7931,
          0.72373868
        ],
        [
          455.1724,
          0.72391161
        ],
        [
          496.5517,
          0.72395586
        ],
        [
          537.931,
          0.72475872
        ],
        [
          579.3103,
          0.72478017
        ],
        [
          620.6897,
          0.72736126
        ],
        [
          662.069,
          0.74523499
        ],
        [
          703.4483,
          0.75118119
        ],
        [
          744.8276,
          0.75232692
        ],
        [
          786.2069,
          0.7524384
        ],
        [
          827.5862,
          0.75247103
        ],
        [
          868.9655,
          0.75253112
        ],
        [
          910.3448,
          0.75254781
        ],
        [
          951.7241,
          0.76163832
        ],
        [
          993.1034,
          0.77663824
        ],
        [
          1034.4827,
          0.77899058
        ],
        [
          1075.8621,
          0.77989896
        ],
        [
          1117.2414,
          0.78012097
        ],
        [
          1158.6207,
          0.78168282
        ],
        [
          1200.0,
          0.78173805
        ]
      ]
    },
    "Diverse Probe PLS": {
      "final_solutions": 38238,
      "wall_seconds": 1276.4,
      "trace_bytes": 803438,
      "invalid_solutions": 0,
      "final_hv": 0.87603919,
      "delta_vs_pure_pls_pct": 12.063,
      "curve": [
        [
          0.0,
          0.87602113
        ],
        [
          41.3793,
          0.87602332
        ],
        [
          82.7586,
          0.87602358
        ],
        [
          124.1379,
          0.87602358
        ],
        [
          165.5172,
          0.87602363
        ],
        [
          206.8965,
          0.87602369
        ],
        [
          248.2759,
          0.87602371
        ],
        [
          289.6552,
          0.87602391
        ],
        [
          331.0345,
          0.87602426
        ],
        [
          372.4138,
          0.87602448
        ],
        [
          413.7931,
          0.8760245
        ],
        [
          455.1724,
          0.87602503
        ],
        [
          496.5517,
          0.87602515
        ],
        [
          537.931,
          0.87602544
        ],
        [
          579.3103,
          0.87602593
        ],
        [
          620.6897,
          0.87602606
        ],
        [
          662.069,
          0.87602626
        ],
        [
          703.4483,
          0.87602654
        ],
        [
          744.8276,
          0.87602655
        ],
        [
          786.2069,
          0.87602779
        ],
        [
          827.5862,
          0.87602878
        ],
        [
          868.9655,
          0.87602976
        ],
        [
          910.3448,
          0.87603002
        ],
        [
          951.7241,
          0.87603185
        ],
        [
          993.1034,
          0.87603248
        ],
        [
          1034.4827,
          0.8760328
        ],
        [
          1075.8621,
          0.87603557
        ],
        [
          1117.2414,
          0.87603576
        ],
        [
          1158.6207,
          0.87603915
        ],
        [
          1200.0,
          0.87603919
        ]
      ]
    },
    "Scalarized PLS": {
      "final_solutions": 46044,
      "wall_seconds": 1279.5,
      "trace_bytes": 928225,
      "invalid_solutions": 0,
      "final_hv": 0.87623214,
      "delta_vs_pure_pls_pct": 12.0877,
      "curve": [
        [
          0.0,
          0.87621137
        ],
        [
          41.3793,
          0.8762151
        ],
        [
          82.7586,
          0.87621534
        ],
        [
          124.1379,
          0.87621579
        ],
        [
          165.5172,
          0.87621613
        ],
        [
          206.8965,
          0.87621639
        ],
        [
          248.2759,
          0.87621664
        ],
        [
          289.6552,
          0.87621717
        ],
        [
          331.0345,
          0.87621768
        ],
        [
          372.4138,
          0.87621815
        ],
        [
          413.7931,
          0.87621865
        ],
        [
          455.1724,
          0.87621904
        ],
        [
          496.5517,
          0.87621928
        ],
        [
          537.931,
          0.87621999
        ],
        [
          579.3103,
          0.8762207
        ],
        [
          620.6897,
          0.87622114
        ],
        [
          662.069,
          0.87622142
        ],
        [
          703.4483,
          0.8762219
        ],
        [
          744.8276,
          0.87622295
        ],
        [
          786.2069,
          0.87622323
        ],
        [
          827.5862,
          0.87622362
        ],
        [
          868.9655,
          0.87622406
        ],
        [
          910.3448,
          0.87622559
        ],
        [
          951.7241,
          0.8762264
        ],
        [
          993.1034,
          0.87622758
        ],
        [
          1034.4827,
          0.87622887
        ],
        [
          1075.8621,
          0.8762289
        ],
        [
          1117.2414,
          0.87623173
        ],
        [
          1158.6207,
          0.87623214
        ],
        [
          1200.0,
          0.87623214
        ]
      ]
    }
  }
}