{
  "instance": "rio_de_janeiro_30",
  "num_images": 30,
  "timeout_s": 300,
  "objectives": [
    "min_cost",
    "cloud_coverage",
    "min_max_incidence_angle",
    "min_resolution"
  ],
  "shared_bounds": [
    [
      2228859,
      8269706
    ],
    [
      2633,
      564335
    ],
    [
      177,
      328
    ],
    [
      11914,
      18114
    ]
  ],
  "total_trace_points": 10953,
  "configs": {
    "Pure PLS": {
      "final_solutions": 1268,
      "wall_seconds": 149.4,
      "trace_bytes": 67206,
      "invalid_solutions": 0,
      "final_hv": 0.81280339,
      "delta_vs_pure_pls_pct": 0.0,
      "curve": [
        [
          0.0,
          0.0
        ],
        [
          10.3448,
          0.81252171
        ],
        [
          20.6897,
          0.81280339
        ],
        [
          31.0345,
          0.81280339
        ],
        [
          41.3793,
          0.81280339
        ],
        [
          51.7241,
          0.81280339
        ],
        [
          62.069,
          0.81280339
        ],
        [
          72.4138,
          0.81280339
        ],
        [
          82.7586,
          0.81280339
        ],
        [
          93.1034,
          0.81280339
        ],
        [
          103.4483,
          0.81280339
        ],
        [
          113.7931,
          0.81280339
        ],
        [
          124.1379,
          0.81280339
        ],
        [
          134.4828,
          0.81280339
        ],
        [
          144.8276,
          0.81280339
        ],
        [
          155.1724,
          0.81280339
        ],
        [
          165.5172,
          0.81280339
        ],
        [
          175.8621,
          0.81280339
        ],
        [
          186.2069,
          0.81280339
        ],
        [
          196.5517,
          0.81280339
        ],
        [
          206.8965,
          0.81280339
        ],
        [
          217.2414,
          0.81280339
        ],
        [
          227.5862,
          0.81280339
        ],
        [
          237.931,
          0.81280339
        ],
        [
          248.2758,
          0.81280339
        ],
        [
          258.6207,
          0.81280339
        ],
        [
          268.9655,
          0.81280339
        ],
        [
          279.3103,
          0.81280339
        ],
        [
          289.6552,
          0.81280339
        ],
        [
          300.0,
          0.81280339
        ]
      ]
    },
    "Diverse Probe PLS": {
      "final_solutions": 1268,
      "wall_seconds": 37.2,
      "trace_bytes": 31391,
      "invalid_solutions": 0,
      "final_hv": 0.81280339,
      "delta_vs_pure_pls_pct": 0.0,
      "curve": [
        [
          0.0,
          0.81108548
        ],
        [
          10.3448,
          0.81280339
        ],
        [
          20.6897,
          0.81280339
        ],
        [
          31.0345,
          0.81280339
        ],
        [
          41.3793,
          0.81280339
        ],
        [
          51.7241,
          0.81280339
        ],
        [
          62.069,
          0.81280339
        ],
        [
          72.4138,
          0.81280339
        ],
        [
          82.7586,
          0.81280339
        ],
        [
          93.1034,
          0.81280339
        ],
        [
          103.4483,
          0.81280339
        ],
        [
          113.7931,
          0.81280339
        ],
        [
          124.1379,
          0.81280339
        ],
        [
          134.4828,
          0.81280339
        ],
        [
          144.8276,
          0.81280339
        ],
        [
          155.1724,
          0.81280339
        ],
        [
          165.5172,
          0.81280339
        ],
        [
          175.8621,
          0.81280339
        ],
        [
          186.2069,
          0.81280339
        ],
        [
          196.5517,
          0.81280339
        ],
        [
          206.8965,
          0.81280339
        ],
        [
          217.2414,
          0.81280339
        ],
        [
          227.5862,
          0.81280339
        ],
        [
          237.931,
          0.81280339
        ],
        [
          248.2758,
          0.81280339
        ],
        [
          258.6207,
          0.81280339
        ],
        [
          268.9655,
          0.81280339
        ],
        [
          279.3103,
          0.81280339
        ],
        [
          289.6552,
          0.81280339
        ],
        [
          300.0,
          0.81280339
        ]
      ]
    },
    "Scalarized PLS": {
      "final_solutions": 1193,
      "wall_seconds": 2.7,
      "trace_bytes": 25198,
      "invalid_solutions": 0,
      "final_hv": 0.81254068,
      "delta_vs_pure_pls_pct": -0.0323,
      "curve": [
        [
          0.0,
          0.81192914
        ],
        [
          10.3448,
          0.81254068
        ],
        [
          20.6897,
          0.81254068
        ],
        [
          31.0345,
          0.81254068
        ],
        [
          41.3793,
          0.81254068
        ],
        [
          51.7241,
          0.81254068
        ],
        [
          62.069,
          0.81254068
        ],
        [
          72.4138,
          0.81254068
        ],
        [
          82.7586,
          0.81254068
        ],
        [
          93.1034,
          0.81254068
        ],
        [
          103.4483,
          0.81254068
        ],
        [
          113.7931,
          0.81254068
        ],
        [
          124.1379,
          0.81254068
        ],
        [
          134.4828,
          0.81254068
        ],
        [
          144.8276,
          0.81254068
        ],
        [
          155.1724,
          0.81254068
        ],
        [
          165.5172,
          0.81254068
        ],
        [
          175.8621,
          0.81254068
        ],
        [
          186.2069,
          0.81254068
        ],
        [
          196.5517,
          0.81254068
        ],
        [
          206.8965,
          0.81254068
        ],
        [
          217.2414,
          0.81254068
        ],
        [
          227.5862,
          0.81254068
        ],
        [
          237.931,
          0.81254068
        ],
        [
          248.2758,
          0.81254068
        ],
        [
          258.6207,
          0.81254068
        ],
        [
          268.9655,
          0.81254068
        ],
        [
          279.3103,
          0.81254068
        ],
        [
          289.6552,
          0.81254068
        ],
        [
          300.0,
          0.81254068
        ]
      ]
    }
  }
}