{
  "instance": "tokyo_bay_150",
  "num_images": 150,
  "timeout_s": 1200,
  "objectives": [
    "min_cost",
    "cloud_coverage",
    "min_max_incidence_angle",
    "min_resolution"
  ],
  "shared_bounds": [
    [
      2736179,
      14674826
    ],
    [
      0,
      1436538
    ],
    [
      178,
      514
    ],
    [
      242405,
      414319
    ]
  ],
  "total_trace_points": 114514,
  "configs": {
    "Pure PLS": {
      "final_solutions": 8388,
      "wall_seconds": 1834.1,
      "trace_bytes": 1110818,
      "invalid_solutions": 0,
      "final_hv": 0.86025602,
      "delta_vs_pure_pls_pct": 0.0,
      "curve": [
        [
          0.0,
          0.0
        ],
        [
          41.3793,
          0.67519246
        ],
        [
          82.7586,
          0.68329286
        ],
        [
          124.1379,
          0.68743411
        ],
        [
          165.5172,
          0.68949199
        ],
        [
          206.8965,
          0.68992866
        ],
        [
          248.2759,
          0.69024336
        ],
        [
          289.6552,
          0.69030492
        ],
        [
          331.0345,
          0.690335
        ],
        [
          372.4138,
          0.69034141
        ],
        [
          413.7931,
          0.84789331
        ],
        [
          455.1724,
          0.84881391
        ],
        [
          496.5517,
          0.8495651
        ],
        [
          537.931,
          0.8578747
        ],
        [
          579.3103,
          0.85818615
        ],
        [
          620.6897,
          0.85861691
        ],
        [
          662.069,
          0.85961976
        ],
        [
          703.4483,
          0.85964038
        ],
        [
          744.8276,
          0.85969716
        ],
        [
          786.2069,
          0.85971996
        ],
        [
          827.5862,
          0.85982745
        ],
        [
          868.9655,
          0.86001161
        ],
        [
          910.3448,
          0.86005971
        ],
        [
          951.7241,
          0.86007883
        ],
        [
          993.1034,
          0.86008292
        ],
        [
          1034.4827,
          0.86008424
        ],
        [
          1075.8621,
          0.86025342
        ],
        [
          1117.2414,
          0.86025398
        ],
        [
          1158.6207,
          0.86025508
        ],
        [
          1200.0,
          0.86025602
        ]
      ]
    },
    "Diverse Probe PLS": {
      "final_solutions": 14646,
      "wall_seconds": 1226.5,
      "trace_bytes": 291819,
      "invalid_solutions": 0,
      "final_hv": 0.93234872,
      "delta_vs_pure_pls_pct": 8.3804,
      "curve": [
        [
          0.0,
          0.93211811
        ],
        [
          41.3793,
          0.93211867
        ],
        [
          82.7586,
          0.93211941
        ],
        [
          124.1379,
          0.93212192
        ],
        [
          165.5172,
          0.93214761
        ],
        [
          206.8965,
          0.9321719
        ],
        [
          248.2759,
          0.93217333
        ],
        [
          289.6552,
          0.9321745
        ],
        [
          331.0345,
          0.93217481
        ],
        [
          372.4138,
          0.93217489
        ],
        [
          413.7931,
          0.93217578
        ],
        [
          455.1724,
          0.93217578
        ],
        [
          496.5517,
          0.93217578
        ],
        [
          537.931,
          0.93217578
        ],
        [
          579.3103,
          0.93217578
        ],
        [
          620.6897,
          0.93218902
        ],
        [
          662.069,
          0.93223602
        ],
        [
          703.4483,
          0.93229319
        ],
        [
          744.8276,
          0.93229329
        ],
        [
          786.2069,
          0.93229333
        ],
        [
          827.5862,
          0.93229336
        ],
        [
          868.9655,
          0.93229358
        ],
        [
          910.3448,
          0.9322936
        ],
        [
          951.7241,
          0.9322936
        ],
        [
          993.1034,
          0.93229396
        ],
        [
          1034.4827,
          0.93229765
        ],
        [
          1075.8621,
          0.93233719
        ],
        [
          1117.2414,
          0.9323477
        ],
        [
          1158.6207,
          0.93234872
        ],
        [
          1200.0,
          0.93234872
        ]
      ]
    },
    "Scalarized PLS": {
      "final_solutions": 6399,
      "wall_seconds": 1180.0,
      "trace_bytes": 125329,
      "invalid_solutions": 0,
      "final_hv": 0.9286577,
      "delta_vs_pure_pls_pct": 7.9513,
      "curve": [
        [
          0.0,
          0.9285204
        ],
        [
          41.3793,
          0.92852488
        ],
        [
          82.7586,
          0.9285693
        ],
        [
          124.1379,
          0.92857039
        ],
        [
          165.5172,
          0.92857121
        ],
        [
          206.8965,
          0.92858458
        ],
        [
          248.2759,
          0.92858459
        ],
        [
          289.6552,
          0.92858479
        ],
        [
          331.0345,
          0.92858482
        ],
        [
          372.4138,
          0.92858651
        ],
        [
          413.7931,
          0.92858651
        ],
        [
          455.1724,
          0.92858673
        ],
        [
          496.5517,
          0.92858703
        ],
        [
          537.931,
          0.92861214
        ],
        [
          579.3103,
          0.92862987
        ],
        [
          620.6897,
          0.92863042
        ],
        [
          662.069,
          0.92863429
        ],
        [
          703.4483,
          0.92864719
        ],
        [
          744.8276,
          0.92864862
        ],
        [
          786.2069,
          0.92864865
        ],
        [
          827.5862,
          0.92865311
        ],
        [
          868.9655,
          0.92865335
        ],
        [
          910.3448,
          0.92865397
        ],
        [
          951.7241,
          0.92865755
        ],
        [
          993.1034,
          0.9286577
        ],
        [
          1034.4827,
          0.9286577
        ],
        [
          1075.8621,
          0.9286577
        ],
        [
          1117.2414,
          0.9286577
        ],
        [
          1158.6207,
          0.9286577
        ],
        [
          1200.0,
          0.9286577
        ]
      ]
    }
  }
}