{
  "instance": "tokyo_bay_50",
  "num_images": 50,
  "timeout_s": 300,
  "objectives": [
    "min_cost",
    "cloud_coverage",
    "min_max_incidence_angle",
    "min_resolution"
  ],
  "shared_bounds": [
    [
      2192639,
      9526433
    ],
    [
      0,
      65726
    ],
    [
      290,
      333
    ],
    [
      26635,
      41667
    ]
  ],
  "total_trace_points": 15133,
  "configs": {
    "Pure PLS": {
      "final_solutions": 2039,
      "wall_seconds": 302.1,
      "trace_bytes": 103687,
      "invalid_solutions": 0,
      "final_hv": 0.84818836,
      "delta_vs_pure_pls_pct": 0.0,
      "curve": [
        [
          0.0,
          0.0
        ],
        [
          10.3448,
          0.83536289
        ],
        [
          20.6897,
          0.84285199
        ],
        [
          31.0345,
          0.84475415
        ],
        [
          41.3793,
          0.84709647
        ],
        [
          51.7241,
          0.84712522
        ],
        [
          62.069,
          0.84712586
        ],
        [
          72.4138,
          0.84714422
        ],
        [
          82.7586,
          0.84714444
        ],
        [
          93.1034,
          0.84714793
        ],
        [
          103.4483,
          0.84720217
        ],
        [
          113.7931,
          0.84720217
        ],
        [
          124.1379,
          0.84720217
        ],
        [
          134.4828,
          0.84724922
        ],
        [
          144.8276,
          0.84724922
        ],
        [
          155.1724,
          0.84724922
        ],
        [
          165.5172,
          0.84724922
        ],
        [
          175.8621,
          0.84724922
        ],
        [
          186.2069,
          0.84724922
        ],
        [
          196.5517,
          0.84724922
        ],
        [
          206.8965,
          0.84724922
        ],
        [
          217.2414,
          0.84817247
        ],
        [
          227.5862,
          0.84817335
        ],
        [
          237.931,
          0.84818313
        ],
        [
          248.2758,
          0.84818313
        ],
        [
          258.6207,
          0.84818836
        ],
        [
          268.9655,
          0.84818836
        ],
        [
          279.3103,
          0.84818836
        ],
        [
          289.6552,
          0.84818836
        ],
        [
          300.0,
          0.84818836
        ]
      ]
    },
    "Diverse Probe PLS": {
      "final_solutions": 2059,
      "wall_seconds": 237.2,
      "trace_bytes": 42878,
      "invalid_solutions": 0,
      "final_hv": 0.84810458,
      "delta_vs_pure_pls_pct": -0.0099,
      "curve": [
        [
          0.0,
          0.8478144
        ],
        [
          10.3448,
          0.84803884
        ],
        [
          20.6897,
          0.84803955
        ],
        [
          31.0345,
          0.84804052
        ],
        [
          41.3793,
          0.84804806
        ],
        [
          51.7241,
          0.84804806
        ],
        [
          62.069,
          0.84804806
        ],
        [
          72.4138,
          0.84804806
        ],
        [
          82.7586,
          0.84804806
        ],
        [
          93.1034,
          0.84804806
        ],
        [
          103.4483,
          0.84804806
        ],
        [
          113.7931,
          0.84804831
        ],
        [
          124.1379,
          0.84804831
        ],
        [
          134.4828,
          0.84804831
        ],
        [
          144.8276,
          0.84808146
        ],
        [
          155.1724,
          0.8480856
        ],
        [
          165.5172,
          0.84810458
        ],
        [
          175.8621,
          0.84810458
        ],
        [
          186.2069,
          0.84810458
        ],
        [
          196.5517,
          0.84810458
        ],
        [
          206.8965,
          0.84810458
        ],
        [
          217.2414,
          0.84810458
        ],
        [
          227.5862,
          0.84810458
        ],
        [
          237.931,
          0.84810458
        ],
        [
          248.2758,
          0.84810458
        ],
        [
          258.6207,
          0.84810458
        ],
        [
          268.9655,
          0.84810458
        ],
        [
          279.3103,
          0.84810458
        ],
        [
          289.6552,
          0.84810458
        ],
        [
          300.0,
          0.84810458
        ]
      ]
    },
    "Scalarized PLS": {
      "final_solutions": 916,
      "wall_seconds": 3.8,
      "trace_bytes": 15572,
      "invalid_solutions": 0,
      "final_hv": 0.83930031,
      "delta_vs_pure_pls_pct": -1.0479,
      "curve": [
        [
          0.0,
          0.83838541
        ],
        [
          10.3448,
          0.83930031
        ],
        [
          20.6897,
          0.83930031
        ],
        [
          31.0345,
          0.83930031
        ],
        [
          41.3793,
          0.83930031
        ],
        [
          51.7241,
          0.83930031
        ],
        [
          62.069,
          0.83930031
        ],
        [
          72.4138,
          0.83930031
        ],
        [
          82.7586,
          0.83930031
        ],
        [
          93.1034,
          0.83930031
        ],
        [
          103.4483,
          0.83930031
        ],
        [
          113.7931,
          0.83930031
        ],
        [
          124.1379,
          0.83930031
        ],
        [
          134.4828,
          0.83930031
        ],
        [
          144.8276,
          0.83930031
        ],
        [
          155.1724,
          0.83930031
        ],
        [
          165.5172,
          0.83930031
        ],
        [
          175.8621,
          0.83930031
        ],
        [
          186.2069,
          0.83930031
        ],
        [
          196.5517,
          0.83930031
        ],
        [
          206.8965,
          0.83930031
        ],
        [
          217.2414,
          0.83930031
        ],
        [
          227.5862,
          0.83930031
        ],
        [
          237.931,
          0.83930031
        ],
        [
          248.2758,
          0.83930031
        ],
        [
          258.6207,
          0.83930031
        ],
        [
          268.9655,
          0.83930031
        ],
        [
          279.3103,
          0.83930031
        ],
        [
          289.6552,
          0.83930031
        ],
        [
          300.0,
          0.83930031
        ]
      ]
    }
  }
}