{
  "instance": "tokyo_bay_100",
  "num_images": 100,
  "timeout_s": 1200,
  "objectives": [
    "min_cost",
    "cloud_coverage",
    "min_max_incidence_angle",
    "min_resolution"
  ],
  "shared_bounds": [
    [
      2194209,
      12325116
    ],
    [
      0,
      1139583
    ],
    [
      192,
      513
    ],
    [
      99026,
      170388
    ]
  ],
  "total_trace_points": 279535,
  "configs": {
    "Pure PLS": {
      "final_solutions": 25408,
      "wall_seconds": 3621.6,
      "trace_bytes": 2702233,
      "invalid_solutions": 0,
      "final_hv": 0.88068684,
      "delta_vs_pure_pls_pct": 0.0,
      "curve": [
        [
          0.0,
          0.0
        ],
        [
          41.3793,
          0.82928025
        ],
        [
          82.7586,
          0.83347974
        ],
        [
          124.1379,
          0.83517836
        ],
        [
          165.5172,
          0.83684652
        ],
        [
          206.8965,
          0.83763801
        ],
        [
          248.2759,
          0.83788437
        ],
        [
          289.6552,
          0.83801716
        ],
        [
          331.0345,
          0.83804081
        ],
        [
          372.4138,
          0.8380542
        ],
        [
          413.7931,
          0.86163995
        ],
        [
          455.1724,
          0.87356505
        ],
        [
          496.5517,
          0.876781
        ],
        [
          537.931,
          0.87751622
        ],
        [
          579.3103,
          0.87824458
        ],
        [
          620.6897,
          0.87897374
        ],
        [
          662.069,
          0.87908517
        ],
        [
          703.4483,
          0.87925948
        ],
        [
          744.8276,
          0.87955741
        ],
        [
          786.2069,
          0.87961014
        ],
        [
          827.5862,
          0.87966742
        ],
        [
          868.9655,
          0.87969171
        ],
        [
          910.3448,
          0.87971112
        ],
        [
          951.7241,
          0.87974005
        ],
        [
          993.1034,
          0.88028801
        ],
        [
          1034.4827,
          0.88036048
        ],
        [
          1075.8621,
          0.88050015
        ],
        [
          1117.2414,
          0.88060386
        ],
        [
          1158.6207,
          0.88066401
        ],
        [
          1200.0,
          0.88068684
        ]
      ]
    },
    "Diverse Probe PLS": {
      "final_solutions": 33405,
      "wall_seconds": 1293.0,
      "trace_bytes": 779926,
      "invalid_solutions": 0,
      "final_hv": 0.89872636,
      "delta_vs_pure_pls_pct": 2.0483,
      "curve": [
        [
          0.0,
          0.89868848
        ],
        [
          41.3793,
          0.89868861
        ],
        [
          82.7586,
          0.89869284
        ],
        [
          124.1379,
          0.89869889
        ],
        [
          165.5172,
          0.89871113
        ],
        [
          206.8965,
          0.89871747
        ],
        [
          248.2759,
          0.89871935
        ],
        [
          289.6552,
          0.89872003
        ],
        [
          331.0345,
          0.8987233
        ],
        [
          372.4138,
          0.89872372
        ],
        [
          413.7931,
          0.898724
        ],
        [
          455.1724,
          0.89872403
        ],
        [
          496.5517,
          0.89872403
        ],
        [
          537.931,
          0.89872403
        ],
        [
          579.3103,
          0.89872404
        ],
        [
          620.6897,
          0.89872404
        ],
        [
          662.069,
          0.89872404
        ],
        [
          703.4483,
          0.89872535
        ],
        [
          744.8276,
          0.89872569
        ],
        [
          786.2069,
          0.89872571
        ],
        [
          827.5862,
          0.89872572
        ],
        [
          868.9655,
          0.89872574
        ],
        [
          910.3448,
          0.89872576
        ],
        [
          951.7241,
          0.89872576
        ],
        [
          993.1034,
          0.89872616
        ],
        [
          1034.4827,
          0.89872627
        ],
        [
          1075.8621,
          0.89872629
        ],
        [
          1117.2414,
          0.89872636
        ],
        [
          1158.6207,
          0.89872636
        ],
        [
          1200.0,
          0.89872636
        ]
      ]
    },
    "Scalarized PLS": {
      "final_solutions": 19696,
      "wall_seconds": 1228.0,
      "trace_bytes": 430971,
      "invalid_solutions": 0,
      "final_hv": 0.89792718,
      "delta_vs_pure_pls_pct": 1.9576,
      "curve": [
        [
          0.0,
          0.89778301
        ],
        [
          41.3793,
          0.89785053
        ],
        [
          82.7586,
          0.89788062
        ],
        [
          124.1379,
          0.89788232
        ],
        [
          165.5172,
          0.89788361
        ],
        [
          206.8965,
          0.89788387
        ],
        [
          248.2759,
          0.89788453
        ],
        [
          289.6552,
          0.89788928
        ],
        [
          331.0345,
          0.89788995
        ],
        [
          372.4138,
          0.89789032
        ],
        [
          413.7931,
          0.8978911
        ],
        [
          455.1724,
          0.89789156
        ],
        [
          496.5517,
          0.89789192
        ],
        [
          537.931,
          0.89789201
        ],
        [
          579.3103,
          0.89789372
        ],
        [
          620.6897,
          0.89789395
        ],
        [
          662.069,
          0.89789408
        ],
        [
          703.4483,
          0.89789411
        ],
        [
          744.8276,
          0.89789438
        ],
        [
          786.2069,
          0.89789626
        ],
        [
          827.5862,
          0.89789638
        ],
        [
          868.9655,
          0.89789643
        ],
        [
          910.3448,
          0.89789656
        ],
        [
          951.7241,
          0.89789729
        ],
        [
          993.1034,
          0.89789737
        ],
        [
          1034.4827,
          0.89789761
        ],
        [
          1075.8621,
          0.89789762
        ],
        [
          1117.2414,
          0.89789767
        ],
        [
          1158.6207,
          0.89792588
        ],
        [
          1200.0,
          0.89792718
        ]
      ]
    }
  }
}