{
  "instance": "lagos_nigeria_100",
  "num_images": 100,
  "timeout_s": 1200,
  "objectives": [
    "min_cost",
    "cloud_coverage",
    "min_max_incidence_angle",
    "min_resolution"
  ],
  "shared_bounds": [
    [
      2338089,
      13718550
    ],
    [
      1503,
      314925
    ],
    [
      244,
      507
    ],
    [
      135139,
      225598
    ]
  ],
  "total_trace_points": 293599,
  "configs": {
    "Pure PLS": {
      "final_solutions": 33405,
      "wall_seconds": 2799.4,
      "trace_bytes": 2715911,
      "invalid_solutions": 0,
      "final_hv": 0.89656297,
      "delta_vs_pure_pls_pct": 0.0,
      "curve": [
        [
          0.0,
          0.0
        ],
        [
          41.3793,
          0.85054535
        ],
        [
          82.7586,
          0.85906478
        ],
        [
          124.1379,
          0.86366706
        ],
        [
          165.5172,
          0.86580854
        ],
        [
          206.8965,
          0.86696621
        ],
        [
          248.2759,
          0.86826525
        ],
        [
          289.6552,
          0.86921284
        ],
        [
          331.0345,
          0.87025615
        ],
        [
          372.4138,
          0.87067854
        ],
        [
          413.7931,
          0.87114738
        ],
        [
          455.1724,
          0.87173039
        ],
        [
          496.5517,
          0.87836486
        ],
        [
          537.931,
          0.8897001
        ],
        [
          579.3103,
          0.89133693
        ],
        [
          620.6897,
          0.8926616
        ],
        [
          662.069,
          0.8933619
        ],
        [
          703.4483,
          0.89393809
        ],
        [
          744.8276,
          0.89423749
        ],
        [
          786.2069,
          0.89473718
        ],
        [
          827.5862,
          0.89488687
        ],
        [
          868.9655,
          0.89501168
        ],
        [
          910.3448,
          0.8951046
        ],
        [
          951.7241,
          0.89512305
        ],
        [
          993.1034,
          0.89515892
        ],
        [
          1034.4827,
          0.89523798
        ],
        [
          1075.8621,
          0.89525889
        ],
        [
          1117.2414,
          0.89601523
        ],
        [
          1158.6207,
          0.89621869
        ],
        [
          1200.0,
          0.89656297
        ]
      ]
    },
    "Scalarized PLS": {
      "final_solutions": 29870,
      "wall_seconds": 1639.6,
      "trace_bytes": 1499609,
      "invalid_solutions": 0,
      "final_hv": 0.92437663,
      "delta_vs_pure_pls_pct": 3.1023,
      "curve": [
        [
          0.0,
          0.0
        ],
        [
          41.3793,
          0.88491904
        ],
        [
          82.7586,
          0.89971646
        ],
        [
          124.1379,
          0.91166584
        ],
        [
          165.5172,
          0.91680486
        ],
        [
          206.8965,
          0.9176936
        ],
        [
          248.2759,
          0.92057923
        ],
        [
          289.6552,
          0.92126062
        ],
        [
          331.0345,
          0.92193148
        ],
        [
          372.4138,
          0.92248303
        ],
        [
          413.7931,
          0.9226075
        ],
        [
          455.1724,
          0.92270633
        ],
        [
          496.5517,
          0.9230736
        ],
        [
          537.931,
          0.92332139
        ],
        [
          579.3103,
          0.92341433
        ],
        [
          620.6897,
          0.92342985
        ],
        [
          662.069,
          0.92354968
        ],
        [
          703.4483,
          0.92358204
        ],
        [
          744.8276,
          0.9237218
        ],
        [
          786.2069,
          0.92376029
        ],
        [
          827.5862,
          0.92390929
        ],
        [
          868.9655,
          0.92397968
        ],
        [
          910.3448,
          0.92406036
        ],
        [
          951.7241,
          0.92407169
        ],
        [
          993.1034,
          0.92416716
        ],
        [
          1034.4827,
          0.92421854
        ],
        [
          1075.8621,
          0.92428409
        ],
        [
          1117.2414,
          0.92431445
        ],
        [
          1158.6207,
          0.92435212
        ],
        [
          1200.0,
          0.92437663
        ]
      ]
    }
  }
}