{
  "instance": "lagos_nigeria_50",
  "num_images": 50,
  "timeout_s": 300,
  "objectives": [
    "min_cost",
    "cloud_coverage",
    "min_max_incidence_angle",
    "min_resolution"
  ],
  "shared_bounds": [
    [
      2368619,
      12086175
    ],
    [
      2922,
      356047
    ],
    [
      245,
      517
    ],
    [
      35329,
      53217
    ]
  ],
  "total_trace_points": 64341,
  "configs": {
    "Pure PLS": {
      "final_solutions": 8519,
      "wall_seconds": 389.8,
      "trace_bytes": 604984,
      "invalid_solutions": 0,
      "final_hv": 0.86851403,
      "delta_vs_pure_pls_pct": 0.0,
      "curve": [
        [
          0.0,
          0.0
        ],
        [
          10.3448,
          0.80349971
        ],
        [
          20.6897,
          0.80753375
        ],
        [
          31.0345,
          0.8418274
        ],
        [
          41.3793,
          0.85034588
        ],
        [
          51.7241,
          0.85147195
        ],
        [
          62.069,
          0.8537623
        ],
        [
          72.4138,
          0.85427008
        ],
        [
          82.7586,
          0.85615286
        ],
        [
          93.1034,
          0.8577227
        ],
        [
          103.4483,
          0.85883565
        ],
        [
          113.7931,
          0.86478827
        ],
        [
          124.1379,
          0.86562964
        ],
        [
          134.4828,
          0.8667324
        ],
        [
          144.8276,
          0.86701725
        ],
        [
          155.1724,
          0.86728592
        ],
        [
          165.5172,
          0.86792589
        ],
        [
          175.8621,
          0.86806736
        ],
        [
          186.2069,
          0.86812468
        ],
        [
          196.5517,
          0.86820649
        ],
        [
          206.8965,
          0.868301
        ],
        [
          217.2414,
          0.86838093
        ],
        [
          227.5862,
          0.86847209
        ],
        [
          237.931,
          0.86849946
        ],
        [
          248.2758,
          0.86849982
        ],
        [
          258.6207,
          0.86850692
        ],
        [
          268.9655,
          0.86850746
        ],
        [
          279.3103,
          0.86850748
        ],
        [
          289.6552,
          0.86850749
        ],
        [
          300.0,
          0.86851403
        ]
      ]
    },
    "Scalarized PLS": {
      "final_solutions": 5429,
      "wall_seconds": 113.2,
      "trace_bytes": 286582,
      "invalid_solutions": 0,
      "final_hv": 0.86732133,
      "delta_vs_pure_pls_pct": -0.1373,
      "curve": [
        [
          0.0,
          0.0
        ],
        [
          10.3448,
          0.86062951
        ],
        [
          20.6897,
          0.86506749
        ],
        [
          31.0345,
          0.86605097
        ],
        [
          41.3793,
          0.86645615
        ],
        [
          51.7241,
          0.86689492
        ],
        [
          62.069,
          0.86707905
        ],
        [
          72.4138,
          0.86720533
        ],
        [
          82.7586,
          0.86724121
        ],
        [
          93.1034,
          0.86732133
        ],
        [
          103.4483,
          0.86732133
        ],
        [
          113.7931,
          0.86732133
        ],
        [
          124.1379,
          0.86732133
        ],
        [
          134.4828,
          0.86732133
        ],
        [
          144.8276,
          0.86732133
        ],
        [
          155.1724,
          0.86732133
        ],
        [
          165.5172,
          0.86732133
        ],
        [
          175.8621,
          0.86732133
        ],
        [
          186.2069,
          0.86732133
        ],
        [
          196.5517,
          0.86732133
        ],
        [
          206.8965,
          0.86732133
        ],
        [
          217.2414,
          0.86732133
        ],
        [
          227.5862,
          0.86732133
        ],
        [
          237.931,
          0.86732133
        ],
        [
          248.2758,
          0.86732133
        ],
        [
          258.6207,
          0.86732133
        ],
        [
          268.9655,
          0.86732133
        ],
        [
          279.3103,
          0.86732133
        ],
        [
          289.6552,
          0.86732133
        ],
        [
          300.0,
          0.86732133
        ]
      ]
    }
  }
}