{
  "instance": "lagos_nigeria_30",
  "num_images": 30,
  "timeout_s": 300,
  "objectives": [
    "min_cost",
    "cloud_coverage",
    "min_max_incidence_angle",
    "min_resolution"
  ],
  "shared_bounds": [
    [
      2736639,
      8676619
    ],
    [
      53468,
      700569
    ],
    [
      332,
      494
    ],
    [
      14229,
      22943
    ]
  ],
  "total_trace_points": 7577,
  "configs": {
    "Pure PLS": {
      "final_solutions": 1488,
      "wall_seconds": 169.9,
      "trace_bytes": 65358,
      "invalid_solutions": 0,
      "final_hv": 0.8115946,
      "delta_vs_pure_pls_pct": 0.0,
      "curve": [
        [
          0.0,
          0.0
        ],
        [
          10.3448,
          0.81119314
        ],
        [
          20.6897,
          0.81159459
        ],
        [
          31.0345,
          0.8115946
        ],
        [
          41.3793,
          0.8115946
        ],
        [
          51.7241,
          0.8115946
        ],
        [
          62.069,
          0.8115946
        ],
        [
          72.4138,
          0.8115946
        ],
        [
          82.7586,
          0.8115946
        ],
        [
          93.1034,
          0.8115946
        ],
        [
          103.4483,
          0.8115946
        ],
        [
          113.7931,
          0.8115946
        ],
        [
          124.1379,
          0.8115946
        ],
        [
          134.4828,
          0.8115946
        ],
        [
          144.8276,
          0.8115946
        ],
        [
          155.1724,
          0.8115946
        ],
        [
          165.5172,
          0.8115946
        ],
        [
          175.8621,
          0.8115946
        ],
        [
          186.2069,
          0.8115946
        ],
        [
          196.5517,
          0.8115946
        ],
        [
          206.8965,
          0.8115946
        ],
        [
          217.2414,
          0.8115946
        ],
        [
          227.5862,
          0.8115946
        ],
        [
          237.931,
          0.8115946
        ],
        [
          248.2758,
          0.8115946
        ],
        [
          258.6207,
          0.8115946
        ],
        [
          268.9655,
          0.8115946
        ],
        [
          279.3103,
          0.8115946
        ],
        [
          289.6552,
          0.8115946
        ],
        [
          300.0,
          0.8115946
        ]
      ]
    },
    "Scalarized PLS": {
      "final_solutions": 1072,
      "wall_seconds": 7.4,
      "trace_bytes": 36222,
      "invalid_solutions": 0,
      "final_hv": 0.80581295,
      "delta_vs_pure_pls_pct": -0.7124,
      "curve": [
        [
          0.0,
          0.0
        ],
        [
          10.3448,
          0.80581295
        ],
        [
          20.6897,
          0.80581295
        ],
        [
          31.0345,
          0.80581295
        ],
        [
          41.3793,
          0.80581295
        ],
        [
          51.7241,
          0.80581295
        ],
        [
          62.069,
          0.80581295
        ],
        [
          72.4138,
          0.80581295
        ],
        [
          82.7586,
          0.80581295
        ],
        [
          93.1034,
          0.80581295
        ],
        [
          103.4483,
          0.80581295
        ],
        [
          113.7931,
          0.80581295
        ],
        [
          124.1379,
          0.80581295
        ],
        [
          134.4828,
          0.80581295
        ],
        [
          144.8276,
          0.80581295
        ],
        [
          155.1724,
          0.80581295
        ],
        [
          165.5172,
          0.80581295
        ],
        [
          175.8621,
          0.80581295
        ],
        [
          186.2069,
          0.80581295
        ],
        [
          196.5517,
          0.80581295
        ],
        [
          206.8965,
          0.80581295
        ],
        [
          217.2414,
          0.80581295
        ],
        [
          227.5862,
          0.80581295
        ],
        [
          237.931,
          0.80581295
        ],
        [
          248.2758,
          0.80581295
        ],
        [
          258.6207,
          0.80581295
        ],
        [
          268.9655,
          0.80581295
        ],
        [
          279.3103,
          0.80581295
        ],
        [
          289.6552,
          0.80581295
        ],
        [
          300.0,
          0.80581295
        ]
      ]
    }
  }
}