{
  "instance": "lagos_nigeria_145",
  "num_images": 145,
  "timeout_s": 1200,
  "objectives": [
    "min_cost",
    "cloud_coverage",
    "min_max_incidence_angle",
    "min_resolution"
  ],
  "shared_bounds": [
    [
      683931,
      18310187
    ],
    [
      0,
      1121249
    ],
    [
      95,
      532
    ],
    [
      260929,
      1376903
    ]
  ],
  "total_trace_points": 381983,
  "configs": {
    "Pure PLS": {
      "final_solutions": 48737,
      "wall_seconds": 4806.7,
      "trace_bytes": 3487351,
      "invalid_solutions": 0,
      "final_hv": 0.80520948,
      "delta_vs_pure_pls_pct": 0.0,
      "curve": [
        [
          0.0,
          0.0
        ],
        [
          41.3793,
          0.78220107
        ],
        [
          82.7586,
          0.78606814
        ],
        [
          124.1379,
          0.78723892
        ],
        [
          165.5172,
          0.79176352
        ],
        [
          206.8965,
          0.79186118
        ],
        [
          248.2759,
          0.79202306
        ],
        [
          289.6552,
          0.79427226
        ],
        [
          331.0345,
          0.79460095
        ],
        [
          372.4138,
          0.79466782
        ],
        [
          413.7931,
          0.79468571
        ],
        [
          455.1724,
          0.79675635
        ],
        [
          496.5517,
          0.79708764
        ],
        [
          537.931,
          0.79711737
        ],
        [
          579.3103,
          0.79712987
        ],
        [
          620.6897,
          0.79931461
        ],
        [
          662.069,
          0.80002324
        ],
        [
          703.4483,
          0.80006723
        ],
        [
          744.8276,
          0.80167109
        ],
        [
          786.2069,
          0.80169888
        ],
        [
          827.5862,
          0.80335738
        ],
        [
          868.9655,
          0.80409215
        ],
        [
          910.3448,
          0.8044577
        ],
        [
          951.7241,
          0.80496284
        ],
        [
          993.1034,
          0.80500428
        ],
        [
          1034.4827,
          0.80510732
        ],
        [
          1075.8621,
          0.80511354
        ],
        [
          1117.2414,
          0.80515619
        ],
        [
          1158.6207,
          0.80519393
        ],
        [
          1200.0,
          0.80520948
        ]
      ]
    },
    "Scalarized PLS": {
      "final_solutions": 23705,
      "wall_seconds": 1812.8,
      "trace_bytes": 2141135,
      "invalid_solutions": 0,
      "final_hv": 0.84776042,
      "delta_vs_pure_pls_pct": 5.2845,
      "curve": [
        [
          0.0,
          0.0
        ],
        [
          41.3793,
          0.81285033
        ],
        [
          82.7586,
          0.82474123
        ],
        [
          124.1379,
          0.8267507
        ],
        [
          165.5172,
          0.83480781
        ],
        [
          206.8965,
          0.8372684
        ],
        [
          248.2759,
          0.83817645
        ],
        [
          289.6552,
          0.83935662
        ],
        [
          331.0345,
          0.84000852
        ],
        [
          372.4138,
          0.84085586
        ],
        [
          413.7931,
          0.84175089
        ],
        [
          455.1724,
          0.84226507
        ],
        [
          496.5517,
          0.84515755
        ],
        [
          537.931,
          0.8458661
        ],
        [
          579.3103,
          0.84615859
        ],
        [
          620.6897,
          0.84638146
        ],
        [
          662.069,
          0.84646553
        ],
        [
          703.4483,
          0.84661904
        ],
        [
          744.8276,
          0.84687006
        ],
        [
          786.2069,
          0.84701868
        ],
        [
          827.5862,
          0.84716175
        ],
        [
          868.9655,
          0.84719951
        ],
        [
          910.3448,
          0.84723296
        ],
        [
          951.7241,
          0.84727409
        ],
        [
          993.1034,
          0.84734473
        ],
        [
          1034.4827,
          0.84755897
        ],
        [
          1075.8621,
          0.84762865
        ],
        [
          1117.2414,
          0.84764053
        ],
        [
          1158.6207,
          0.84771286
        ],
        [
          1200.0,
          0.84776042
        ]
      ]
    }
  }
}