{
  "instance": "mexico_city_50",
  "num_images": 50,
  "timeout_s": 300,
  "objectives": [
    "min_cost",
    "cloud_coverage",
    "min_max_incidence_angle",
    "min_resolution"
  ],
  "shared_bounds": [
    [
      2636719,
      9336977
    ],
    [
      0,
      510143
    ],
    [
      188,
      501
    ],
    [
      25281,
      39646
    ]
  ],
  "total_trace_points": 52661,
  "configs": {
    "Pure PLS": {
      "final_solutions": 4249,
      "wall_seconds": 451.0,
      "trace_bytes": 491809,
      "invalid_solutions": 0,
      "final_hv": 0.92286287,
      "delta_vs_pure_pls_pct": 0.0,
      "curve": [
        [
          0.0,
          0.0
        ],
        [
          10.3448,
          0.88784357
        ],
        [
          20.6897,
          0.8894374
        ],
        [
          31.0345,
          0.89407438
        ],
        [
          41.3793,
          0.91142259
        ],
        [
          51.7241,
          0.91441188
        ],
        [
          62.069,
          0.91488966
        ],
        [
          72.4138,
          0.9164814
        ],
        [
          82.7586,
          0.91674111
        ],
        [
          93.1034,
          0.91911201
        ],
        [
          103.4483,
          0.92147156
        ],
        [
          113.7931,
          0.92195882
        ],
        [
          124.1379,
          0.92199255
        ],
        [
          134.4828,
          0.92276207
        ],
        [
          144.8276,
          0.92281856
        ],
        [
          155.1724,
          0.92283285
        ],
        [
          165.5172,
          0.92283309
        ],
        [
          175.8621,
          0.92283548
        ],
        [
          186.2069,
          0.92283957
        ],
        [
          196.5517,
          0.9228396
        ],
        [
          206.8965,
          0.9228396
        ],
        [
          217.2414,
          0.92283961
        ],
        [
          227.5862,
          0.92283997
        ],
        [
          237.931,
          0.92284005
        ],
        [
          248.2758,
          0.92284005
        ],
        [
          258.6207,
          0.92284028
        ],
        [
          268.9655,
          0.92284031
        ],
        [
          279.3103,
          0.92284031
        ],
        [
          289.6552,
          0.92284314
        ],
        [
          300.0,
          0.92286287
        ]
      ]
    },
    "Scalarized PLS": {
      "final_solutions": 3210,
      "wall_seconds": 34.7,
      "trace_bytes": 229490,
      "invalid_solutions": 0,
      "final_hv": 0.9210096,
      "delta_vs_pure_pls_pct": -0.2008,
      "curve": [
        [
          0.0,
          0.0
        ],
        [
          10.3448,
          0.90927458
        ],
        [
          20.6897,
          0.92100884
        ],
        [
          31.0345,
          0.9210096
        ],
        [
          41.3793,
          0.9210096
        ],
        [
          51.7241,
          0.9210096
        ],
        [
          62.069,
          0.9210096
        ],
        [
          72.4138,
          0.9210096
        ],
        [
          82.7586,
          0.9210096
        ],
        [
          93.1034,
          0.9210096
        ],
        [
          103.4483,
          0.9210096
        ],
        [
          113.7931,
          0.9210096
        ],
        [
          124.1379,
          0.9210096
        ],
        [
          134.4828,
          0.9210096
        ],
        [
          144.8276,
          0.9210096
        ],
        [
          155.1724,
          0.9210096
        ],
        [
          165.5172,
          0.9210096
        ],
        [
          175.8621,
          0.9210096
        ],
        [
          186.2069,
          0.9210096
        ],
        [
          196.5517,
          0.9210096
        ],
        [
          206.8965,
          0.9210096
        ],
        [
          217.2414,
          0.9210096
        ],
        [
          227.5862,
          0.9210096
        ],
        [
          237.931,
          0.9210096
        ],
        [
          248.2758,
          0.9210096
        ],
        [
          258.6207,
          0.9210096
        ],
        [
          268.9655,
          0.9210096
        ],
        [
          279.3103,
          0.9210096
        ],
        [
          289.6552,
          0.9210096
        ],
        [
          300.0,
          0.9210096
        ]
      ]
    }
  }
}