{
  "instance": "mexico_city_150",
  "num_images": 150,
  "timeout_s": 1200,
  "objectives": [
    "min_cost",
    "cloud_coverage",
    "min_max_incidence_angle",
    "min_resolution"
  ],
  "shared_bounds": [
    [
      623374,
      8932219
    ],
    [
      0,
      1098503
    ],
    [
      164,
      503
    ],
    [
      158343,
      851881
    ]
  ],
  "total_trace_points": 153687,
  "configs": {
    "Pure PLS": {
      "final_solutions": 14794,
      "wall_seconds": 1716.6,
      "trace_bytes": 1135764,
      "invalid_solutions": 0,
      "final_hv": 0.8472796,
      "delta_vs_pure_pls_pct": 0.0,
      "curve": [
        [
          0.0,
          0.0
        ],
        [
          41.3793,
          0.7921312
        ],
        [
          82.7586,
          0.79965231
        ],
        [
          124.1379,
          0.80026882
        ],
        [
          165.5172,
          0.80125711
        ],
        [
          206.8965,
          0.80193175
        ],
        [
          248.2759,
          0.80219209
        ],
        [
          289.6552,
          0.80231278
        ],
        [
          331.0345,
          0.82139898
        ],
        [
          372.4138,
          0.82736503
        ],
        [
          413.7931,
          0.84210165
        ],
        [
          455.1724,
          0.8425874
        ],
        [
          496.5517,
          0.84325215
        ],
        [
          537.931,
          0.8434643
        ],
        [
          579.3103,
          0.84387819
        ],
        [
          620.6897,
          0.84419024
        ],
        [
          662.069,
          0.84503789
        ],
        [
          703.4483,
          0.84544475
        ],
        [
          744.8276,
          0.84552109
        ],
        [
          786.2069,
          0.84573495
        ],
        [
          827.5862,
          0.84582852
        ],
        [
          868.9655,
          0.84585058
        ],
        [
          910.3448,
          0.84586868
        ],
        [
          951.7241,
          0.84604605
        ],
        [
          993.1034,
          0.84608194
        ],
        [
          1034.4827,
          0.84609031
        ],
        [
          1075.8621,
          0.8464387
        ],
        [
          1117.2414,
          0.84683308
        ],
        [
          1158.6207,
          0.84711633
        ],
        [
          1200.0,
          0.8472796
        ]
      ]
    },
    "Scalarized PLS": {
      "final_solutions": 19382,
      "wall_seconds": 1388.1,
      "trace_bytes": 1070460,
      "invalid_solutions": 0,
      "final_hv": 0.87990391,
      "delta_vs_pure_pls_pct": 3.8505,
      "curve": [
        [
          0.0,
          0.0
        ],
        [
          41.3793,
          0.81974903
        ],
        [
          82.7586,
          0.8393933
        ],
        [
          124.1379,
          0.8413499
        ],
        [
          165.5172,
          0.84223313
        ],
        [
          206.8965,
          0.8579121
        ],
        [
          248.2759,
          0.87486978
        ],
        [
          289.6552,
          0.87595137
        ],
        [
          331.0345,
          0.87631154
        ],
        [
          372.4138,
          0.87681836
        ],
        [
          413.7931,
          0.87782833
        ],
        [
          455.1724,
          0.87796031
        ],
        [
          496.5517,
          0.878103
        ],
        [
          537.931,
          0.87824439
        ],
        [
          579.3103,
          0.87834108
        ],
        [
          620.6897,
          0.87868906
        ],
        [
          662.069,
          0.87888722
        ],
        [
          703.4483,
          0.87921851
        ],
        [
          744.8276,
          0.8794601
        ],
        [
          786.2069,
          0.87957747
        ],
        [
          827.5862,
          0.87960915
        ],
        [
          868.9655,
          0.87962919
        ],
        [
          910.3448,
          0.87965089
        ],
        [
          951.7241,
          0.87968666
        ],
        [
          993.1034,
          0.8797049
        ],
        [
          1034.4827,
          0.87974651
        ],
        [
          1075.8621,
          0.87976847
        ],
        [
          1117.2414,
          0.87978233
        ],
        [
          1158.6207,
          0.87982138
        ],
        [
          1200.0,
          0.87990391
        ]
      ]
    }
  }
}