{
  "instance": "mexico_city_100",
  "num_images": 100,
  "timeout_s": 1200,
  "objectives": [
    "min_cost",
    "cloud_coverage",
    "min_max_incidence_angle",
    "min_resolution"
  ],
  "shared_bounds": [
    [
      2135907,
      11905121
    ],
    [
      0,
      354840
    ],
    [
      142,
      505
    ],
    [
      101589,
      175962
    ]
  ],
  "total_trace_points": 362191,
  "configs": {
    "Pure PLS": {
      "final_solutions": 22218,
      "wall_seconds": 4511.6,
      "trace_bytes": 3405028,
      "invalid_solutions": 0,
      "final_hv": 0.91264062,
      "delta_vs_pure_pls_pct": 0.0,
      "curve": [
        [
          0.0,
          0.0
        ],
        [
          41.3793,
          0.81369855
        ],
        [
          82.7586,
          0.83982042
        ],
        [
          124.1379,
          0.84240875
        ],
        [
          165.5172,
          0.8431398
        ],
        [
          206.8965,
          0.85362598
        ],
        [
          248.2759,
          0.85474902
        ],
        [
          289.6552,
          0.85861342
        ],
        [
          331.0345,
          0.85950161
        ],
        [
          372.4138,
          0.85969608
        ],
        [
          413.7931,
          0.87192272
        ],
        [
          455.1724,
          0.87226434
        ],
        [
          496.5517,
          0.87276524
        ],
        [
          537.931,
          0.87398554
        ],
        [
          579.3103,
          0.87413881
        ],
        [
          620.6897,
          0.87474195
        ],
        [
          662.069,
          0.87485869
        ],
        [
          703.4483,
          0.87496188
        ],
        [
          744.8276,
          0.8750874
        ],
        [
          786.2069,
          0.87512748
        ],
        [
          827.5862,
          0.87526471
        ],
        [
          868.9655,
          0.88706362
        ],
        [
          910.3448,
          0.88716247
        ],
        [
          951.7241,
          0.90143761
        ],
        [
          993.1034,
          0.9029102
        ],
        [
          1034.4827,
          0.90328543
        ],
        [
          1075.8621,
          0.90679455
        ],
        [
          1117.2414,
          0.9091712
        ],
        [
          1158.6207,
          0.91157192
        ],
        [
          1200.0,
          0.91264062
        ]
      ]
    },
    "Scalarized PLS": {
      "final_solutions": 21521,
      "wall_seconds": 1950.8,
      "trace_bytes": 1854695,
      "invalid_solutions": 0,
      "final_hv": 0.91714649,
      "delta_vs_pure_pls_pct": 0.4937,
      "curve": [
        [
          0.0,
          0.0
        ],
        [
          41.3793,
          0.89264396
        ],
        [
          82.7586,
          0.8985237
        ],
        [
          124.1379,
          0.90677905
        ],
        [
          165.5172,
          0.91276495
        ],
        [
          206.8965,
          0.91380077
        ],
        [
          248.2759,
          0.91431339
        ],
        [
          289.6552,
          0.9146361
        ],
        [
          331.0345,
          0.91532925
        ],
        [
          372.4138,
          0.91551166
        ],
        [
          413.7931,
          0.91586759
        ],
        [
          455.1724,
          0.91603621
        ],
        [
          496.5517,
          0.91606412
        ],
        [
          537.931,
          0.91622029
        ],
        [
          579.3103,
          0.91630821
        ],
        [
          620.6897,
          0.91642335
        ],
        [
          662.069,
          0.91654936
        ],
        [
          703.4483,
          0.9166318
        ],
        [
          744.8276,
          0.91667679
        ],
        [
          786.2069,
          0.91676302
        ],
        [
          827.5862,
          0.91680671
        ],
        [
          868.9655,
          0.91683946
        ],
        [
          910.3448,
          0.9168458
        ],
        [
          951.7241,
          0.91686261
        ],
        [
          993.1034,
          0.91688686
        ],
        [
          1034.4827,
          0.91692618
        ],
        [
          1075.8621,
          0.91709906
        ],
        [
          1117.2414,
          0.91711844
        ],
        [
          1158.6207,
          0.91713021
        ],
        [
          1200.0,
          0.91714649
        ]
      ]
    }
  }
}