{
  "instance": "mexico_city_30",
  "num_images": 30,
  "timeout_s": 300,
  "objectives": [
    "min_cost",
    "cloud_coverage",
    "min_max_incidence_angle",
    "min_resolution"
  ],
  "shared_bounds": [
    [
      3316243,
      7319675
    ],
    [
      7837,
      526225
    ],
    [
      188,
      289
    ],
    [
      10249,
      14225
    ]
  ],
  "total_trace_points": 3682,
  "configs": {
    "Pure PLS": {
      "final_solutions": 623,
      "wall_seconds": 33.1,
      "trace_bytes": 26305,
      "invalid_solutions": 0,
      "final_hv": 0.94241295,
      "delta_vs_pure_pls_pct": 0.0,
      "curve": [
        [
          0.0,
          0.0
        ],
        [
          10.3448,
          0.94241294
        ],
        [
          20.6897,
          0.94241295
        ],
        [
          31.0345,
          0.94241295
        ],
        [
          41.3793,
          0.94241295
        ],
        [
          51.7241,
          0.94241295
        ],
        [
          62.069,
          0.94241295
        ],
        [
          72.4138,
          0.94241295
        ],
        [
          82.7586,
          0.94241295
        ],
        [
          93.1034,
          0.94241295
        ],
        [
          103.4483,
          0.94241295
        ],
        [
          113.7931,
          0.94241295
        ],
        [
          124.1379,
          0.94241295
        ],
        [
          134.4828,
          0.94241295
        ],
        [
          144.8276,
          0.94241295
        ],
        [
          155.1724,
          0.94241295
        ],
        [
          165.5172,
          0.94241295
        ],
        [
          175.8621,
          0.94241295
        ],
        [
          186.2069,
          0.94241295
        ],
        [
          196.5517,
          0.94241295
        ],
        [
          206.8965,
          0.94241295
        ],
        [
          217.2414,
          0.94241295
        ],
        [
          227.5862,
          0.94241295
        ],
        [
          237.931,
          0.94241295
        ],
        [
          248.2758,
          0.94241295
        ],
        [
          258.6207,
          0.94241295
        ],
        [
          268.9655,
          0.94241295
        ],
        [
          279.3103,
          0.94241295
        ],
        [
          289.6552,
          0.94241295
        ],
        [
          300.0,
          0.94241295
        ]
      ]
    },
    "Scalarized PLS": {
      "final_solutions": 584,
      "wall_seconds": 1.3,
      "trace_bytes": 19749,
      "invalid_solutions": 0,
      "final_hv": 0.94237672,
      "delta_vs_pure_pls_pct": -0.0038,
      "curve": [
        [
          0.0,
          0.0
        ],
        [
          10.3448,
          0.94237672
        ],
        [
          20.6897,
          0.94237672
        ],
        [
          31.0345,
          0.94237672
        ],
        [
          41.3793,
          0.94237672
        ],
        [
          51.7241,
          0.94237672
        ],
        [
          62.069,
          0.94237672
        ],
        [
          72.4138,
          0.94237672
        ],
        [
          82.7586,
          0.94237672
        ],
        [
          93.1034,
          0.94237672
        ],
        [
          103.4483,
          0.94237672
        ],
        [
          113.7931,
          0.94237672
        ],
        [
          124.1379,
          0.94237672
        ],
        [
          134.4828,
          0.94237672
        ],
        [
          144.8276,
          0.94237672
        ],
        [
          155.1724,
          0.94237672
        ],
        [
          165.5172,
          0.94237672
        ],
        [
          175.8621,
          0.94237672
        ],
        [
          186.2069,
          0.94237672
        ],
        [
          196.5517,
          0.94237672
        ],
        [
          206.8965,
          0.94237672
        ],
        [
          217.2414,
          0.94237672
        ],
        [
          227.5862,
          0.94237672
        ],
        [
          237.931,
          0.94237672
        ],
        [
          248.2758,
          0.94237672
        ],
        [
          258.6207,
          0.94237672
        ],
        [
          268.9655,
          0.94237672
        ],
        [
          279.3103,
          0.94237672
        ],
        [
          289.6552,
          0.94237672
        ],
        [
          300.0,
          0.94237672
        ]
      ]
    }
  }
}