{
  "instance": "paris_100",
  "num_images": 100,
  "timeout_s": 1200,
  "objectives": [
    "min_cost",
    "cloud_coverage",
    "min_max_incidence_angle",
    "min_resolution"
  ],
  "shared_bounds": [
    [
      2863089,
      13965534
    ],
    [
      0,
      2163252
    ],
    [
      197,
      521
    ],
    [
      137424,
      233923
    ]
  ],
  "total_trace_points": 286762,
  "configs": {
    "Pure PLS": {
      "final_solutions": 24856,
      "wall_seconds": 5291.1,
      "trace_bytes": 2858382,
      "invalid_solutions": 0,
      "final_hv": 0.82174297,
      "delta_vs_pure_pls_pct": 0.0,
      "curve": [
        [
          0.0,
          0.0
        ],
        [
          41.3793,
          0.72979645
        ],
        [
          82.7586,
          0.74100053
        ],
        [
          124.1379,
          0.74702044
        ],
        [
          165.5172,
          0.74919782
        ],
        [
          206.8965,
          0.75351669
        ],
        [
          248.2759,
          0.75421269
        ],
        [
          289.6552,
          0.75650396
        ],
        [
          331.0345,
          0.75698995
        ],
        [
          372.4138,
          0.75771077
        ],
        [
          413.7931,
          0.75844379
        ],
        [
          455.1724,
          0.75910238
        ],
        [
          496.5517,
          0.76004054
        ],
        [
          537.931,
          0.76036691
        ],
        [
          579.3103,
          0.76062152
        ],
        [
          620.6897,
          0.76133337
        ],
        [
          662.069,
          0.76150707
        ],
        [
          703.4483,
          0.76203423
        ],
        [
          744.8276,
          0.76224268
        ],
        [
          786.2069,
          0.76256986
        ],
        [
          827.5862,
          0.76262983
        ],
        [
          868.9655,
          0.76287029
        ],
        [
          910.3448,
          0.76298012
        ],
        [
          951.7241,
          0.76310062
        ],
        [
          993.1034,
          0.76327532
        ],
        [
          1034.4827,
          0.76344824
        ],
        [
          1075.8621,
          0.7636462
        ],
        [
          1117.2414,
          0.76384229
        ],
        [
          1158.6207,
          0.81197233
        ],
        [
          1200.0,
          0.82174297
        ]
      ]
    },
    "Scalarized PLS": {
      "final_solutions": 19948,
      "wall_seconds": 2062.0,
      "trace_bytes": 1377363,
      "invalid_solutions": 0,
      "final_hv": 0.76983997,
      "delta_vs_pure_pls_pct": -6.3162,
      "curve": [
        [
          0.0,
          0.0
        ],
        [
          41.3793,
          0.73019549
        ],
        [
          82.7586,
          0.73402899
        ],
        [
          124.1379,
          0.74070256
        ],
        [
          165.5172,
          0.74857652
        ],
        [
          206.8965,
          0.754314
        ],
        [
          248.2759,
          0.75684521
        ],
        [
          289.6552,
          0.75812207
        ],
        [
          331.0345,
          0.7597785
        ],
        [
          372.4138,
          0.76031694
        ],
        [
          413.7931,
          0.76111769
        ],
        [
          455.1724,
          0.76407531
        ],
        [
          496.5517,
          0.76460835
        ],
        [
          537.931,
          0.76514474
        ],
        [
          579.3103,
          0.76574937
        ],
        [
          620.6897,
          0.76615838
        ],
        [
          662.069,
          0.76637527
        ],
        [
          703.4483,
          0.76645739
        ],
        [
          744.8276,
          0.76666976
        ],
        [
          786.2069,
          0.76713631
        ],
        [
          827.5862,
          0.76784611
        ],
        [
          868.9655,
          0.76792101
        ],
        [
          910.3448,
          0.76823592
        ],
        [
          951.7241,
          0.7688904
        ],
        [
          993.1034,
          0.76929096
        ],
        [
          1034.4827,
          0.76942069
        ],
        [
          1075.8621,
          0.76958818
        ],
        [
          1117.2414,
          0.76972284
        ],
        [
          1158.6207,
          0.76983171
        ],
        [
          1200.0,
          0.76983997
        ]
      ]
    }
  }
}