{
  "instance": "paris_50",
  "num_images": 50,
  "timeout_s": 300,
  "objectives": [
    "min_cost",
    "cloud_coverage",
    "min_max_incidence_angle",
    "min_resolution"
  ],
  "shared_bounds": [
    [
      3509805,
      15460688
    ],
    [
      5321,
      798948
    ],
    [
      191,
      466
    ],
    [
      30261,
      43280
    ]
  ],
  "total_trace_points": 73991,
  "configs": {
    "Pure PLS": {
      "final_solutions": 8661,
      "wall_seconds": 449.6,
      "trace_bytes": 655252,
      "invalid_solutions": 0,
      "final_hv": 0.86300566,
      "delta_vs_pure_pls_pct": 0.0,
      "curve": [
        [
          0.0,
          0.0
        ],
        [
          10.3448,
          0.82234908
        ],
        [
          20.6897,
          0.82743109
        ],
        [
          31.0345,
          0.83040133
        ],
        [
          41.3793,
          0.83117577
        ],
        [
          51.7241,
          0.84371189
        ],
        [
          62.069,
          0.846745
        ],
        [
          72.4138,
          0.84772363
        ],
        [
          82.7586,
          0.84831034
        ],
        [
          93.1034,
          0.84852472
        ],
        [
          103.4483,
          0.84862838
        ],
        [
          113.7931,
          0.84881127
        ],
        [
          124.1379,
          0.85016788
        ],
        [
          134.4828,
          0.85072941
        ],
        [
          144.8276,
          0.85090985
        ],
        [
          155.1724,
          0.85386445
        ],
        [
          165.5172,
          0.85553421
        ],
        [
          175.8621,
          0.85666891
        ],
        [
          186.2069,
          0.8586991
        ],
        [
          196.5517,
          0.85903428
        ],
        [
          206.8965,
          0.85917736
        ],
        [
          217.2414,
          0.85944049
        ],
        [
          227.5862,
          0.85956308
        ],
        [
          237.931,
          0.86015365
        ],
        [
          248.2758,
          0.86042187
        ],
        [
          258.6207,
          0.86056281
        ],
        [
          268.9655,
          0.86097679
        ],
        [
          279.3103,
          0.86119883
        ],
        [
          289.6552,
          0.86167632
        ],
        [
          300.0,
          0.86300566
        ]
      ]
    },
    "Scalarized PLS": {
      "final_solutions": 9933,
      "wall_seconds": 349.3,
      "trace_bytes": 431479,
      "invalid_solutions": 0,
      "final_hv": 0.86485685,
      "delta_vs_pure_pls_pct": 0.2145,
      "curve": [
        [
          0.0,
          0.0
        ],
        [
          10.3448,
          0.83607448
        ],
        [
          20.6897,
          0.84377447
        ],
        [
          31.0345,
          0.85618464
        ],
        [
          41.3793,
          0.85893577
        ],
        [
          51.7241,
          0.86133567
        ],
        [
          62.069,
          0.86174897
        ],
        [
          72.4138,
          0.86213877
        ],
        [
          82.7586,
          0.86251706
        ],
        [
          93.1034,
          0.86271655
        ],
        [
          103.4483,
          0.86290219
        ],
        [
          113.7931,
          0.86310351
        ],
        [
          124.1379,
          0.86328586
        ],
        [
          134.4828,
          0.86332573
        ],
        [
          144.8276,
          0.86342318
        ],
        [
          155.1724,
          0.86346796
        ],
        [
          165.5172,
          0.8635151
        ],
        [
          175.8621,
          0.86379556
        ],
        [
          186.2069,
          0.86386598
        ],
        [
          196.5517,
          0.86411506
        ],
        [
          206.8965,
          0.86429534
        ],
        [
          217.2414,
          0.86452254
        ],
        [
          227.5862,
          0.86457078
        ],
        [
          237.931,
          0.86458069
        ],
        [
          248.2758,
          0.86469654
        ],
        [
          258.6207,
          0.86472789
        ],
        [
          268.9655,
          0.8647578
        ],
        [
          279.3103,
          0.86478492
        ],
        [
          289.6552,
          0.86482734
        ],
        [
          300.0,
          0.86485685
        ]
      ]
    }
  }
}