{
  "instance": "paris_30",
  "num_images": 30,
  "timeout_s": 300,
  "objectives": [
    "min_cost",
    "cloud_coverage",
    "min_max_incidence_angle",
    "min_resolution"
  ],
  "shared_bounds": [
    [
      2669539,
      7007127
    ],
    [
      8,
      21841
    ],
    [
      288,
      400
    ],
    [
      15873,
      24538
    ]
  ],
  "total_trace_points": 286,
  "configs": {
    "Pure PLS": {
      "final_solutions": 60,
      "wall_seconds": 3.8,
      "trace_bytes": 4078,
      "invalid_solutions": 0,
      "final_hv": 0.83907894,
      "delta_vs_pure_pls_pct": 0.0,
      "curve": [
        [
          0.0,
          0.0
        ],
        [
          10.3448,
          0.83907894
        ],
        [
          20.6897,
          0.83907894
        ],
        [
          31.0345,
          0.83907894
        ],
        [
          41.3793,
          0.83907894
        ],
        [
          51.7241,
          0.83907894
        ],
        [
          62.069,
          0.83907894
        ],
        [
          72.4138,
          0.83907894
        ],
        [
          82.7586,
          0.83907894
        ],
        [
          93.1034,
          0.83907894
        ],
        [
          103.4483,
          0.83907894
        ],
        [
          113.7931,
          0.83907894
        ],
        [
          124.1379,
          0.83907894
        ],
        [
          134.4828,
          0.83907894
        ],
        [
          144.8276,
          0.83907894
        ],
        [
          155.1724,
          0.83907894
        ],
        [
          165.5172,
          0.83907894
        ],
        [
          175.8621,
          0.83907894
        ],
        [
          186.2069,
          0.83907894
        ],
        [
          196.5517,
          0.83907894
        ],
        [
          206.8965,
          0.83907894
        ],
        [
          217.2414,
          0.83907894
        ],
        [
          227.5862,
          0.83907894
        ],
        [
          237.931,
          0.83907894
        ],
        [
          248.2758,
          0.83907894
        ],
        [
          258.6207,
          0.83907894
        ],
        [
          268.9655,
          0.83907894
        ],
        [
          279.3103,
          0.83907894
        ],
        [
          289.6552,
          0.83907894
        ],
        [
          300.0,
          0.83907894
        ]
      ]
    },
    "Scalarized PLS": {
      "final_solutions": 34,
      "wall_seconds": 0.3,
      "trace_bytes": 1872,
      "invalid_solutions": 0,
      "final_hv": 0.7959155,
      "delta_vs_pure_pls_pct": -5.1441,
      "curve": [
        [
          0.0,
          0.0
        ],
        [
          10.3448,
          0.7959155
        ],
        [
          20.6897,
          0.7959155
        ],
        [
          31.0345,
          0.7959155
        ],
        [
          41.3793,
          0.7959155
        ],
        [
          51.7241,
          0.7959155
        ],
        [
          62.069,
          0.7959155
        ],
        [
          72.4138,
          0.7959155
        ],
        [
          82.7586,
          0.7959155
        ],
        [
          93.1034,
          0.7959155
        ],
        [
          103.4483,
          0.7959155
        ],
        [
          113.7931,
          0.7959155
        ],
        [
          124.1379,
          0.7959155
        ],
        [
          134.4828,
          0.7959155
        ],
        [
          144.8276,
          0.7959155
        ],
        [
          155.1724,
          0.7959155
        ],
        [
          165.5172,
          0.7959155
        ],
        [
          175.8621,
          0.7959155
        ],
        [
          186.2069,
          0.7959155
        ],
        [
          196.5517,
          0.7959155
        ],
        [
          206.8965,
          0.7959155
        ],
        [
          217.2414,
          0.7959155
        ],
        [
          227.5862,
          0.7959155
        ],
        [
          237.931,
          0.7959155
        ],
        [
          248.2758,
          0.7959155
        ],
        [
          258.6207,
          0.7959155
        ],
        [
          268.9655,
          0.7959155
        ],
        [
          279.3103,
          0.7959155
        ],
        [
          289.6552,
          0.7959155
        ],
        [
          300.0,
          0.7959155
        ]
      ]
    }
  }
}