{
  "instance": "paris_150",
  "num_images": 150,
  "timeout_s": 1200,
  "objectives": [
    "min_cost",
    "cloud_coverage",
    "min_max_incidence_angle",
    "min_resolution"
  ],
  "shared_bounds": [
    [
      3409159,
      16276342
    ],
    [
      0,
      1289097
    ],
    [
      148,
      475
    ],
    [
      332783,
      573207
    ]
  ],
  "total_trace_points": 339505,
  "configs": {
    "Pure PLS": {
      "final_solutions": 31512,
      "wall_seconds": 2944.4,
      "trace_bytes": 2782250,
      "invalid_solutions": 0,
      "final_hv": 0.90777441,
      "delta_vs_pure_pls_pct": 0.0,
      "curve": [
        [
          0.0,
          0.0
        ],
        [
          41.3793,
          0.7438257
        ],
        [
          82.7586,
          0.77335612
        ],
        [
          124.1379,
          0.78798506
        ],
        [
          165.5172,
          0.80449175
        ],
        [
          206.8965,
          0.80469188
        ],
        [
          248.2759,
          0.82262861
        ],
        [
          289.6552,
          0.82316741
        ],
        [
          331.0345,
          0.82358153
        ],
        [
          372.4138,
          0.82368597
        ],
        [
          413.7931,
          0.82382614
        ],
        [
          455.1724,
          0.87934248
        ],
        [
          496.5517,
          0.87969452
        ],
        [
          537.931,
          0.88463151
        ],
        [
          579.3103,
          0.88938415
        ],
        [
          620.6897,
          0.89124426
        ],
        [
          662.069,
          0.89182073
        ],
        [
          703.4483,
          0.89453847
        ],
        [
          744.8276,
          0.8963927
        ],
        [
          786.2069,
          0.89677583
        ],
        [
          827.5862,
          0.89694776
        ],
        [
          868.9655,
          0.89703764
        ],
        [
          910.3448,
          0.89893495
        ],
        [
          951.7241,
          0.90066719
        ],
        [
          993.1034,
          0.90168636
        ],
        [
          1034.4827,
          0.90179817
        ],
        [
          1075.8621,
          0.90199765
        ],
        [
          1117.2414,
          0.90208685
        ],
        [
          1158.6207,
          0.90263818
        ],
        [
          1200.0,
          0.90777441
        ]
      ]
    },
    "Scalarized PLS": {
      "final_solutions": 31716,
      "wall_seconds": 2231.2,
      "trace_bytes": 2235665,
      "invalid_solutions": 0,
      "final_hv": 0.94358407,
      "delta_vs_pure_pls_pct": 3.9448,
      "curve": [
        [
          0.0,
          0.0
        ],
        [
          41.3793,
          0.78664707
        ],
        [
          82.7586,
          0.8093406
        ],
        [
          124.1379,
          0.81210064
        ],
        [
          165.5172,
          0.91636223
        ],
        [
          206.8965,
          0.9230734
        ],
        [
          248.2759,
          0.92858886
        ],
        [
          289.6552,
          0.92980884
        ],
        [
          331.0345,
          0.93195402
        ],
        [
          372.4138,
          0.93285912
        ],
        [
          413.7931,
          0.93494356
        ],
        [
          455.1724,
          0.93559634
        ],
        [
          496.5517,
          0.93569991
        ],
        [
          537.931,
          0.93764539
        ],
        [
          579.3103,
          0.93928458
        ],
        [
          620.6897,
          0.93960664
        ],
        [
          662.069,
          0.94062631
        ],
        [
          703.4483,
          0.94109016
        ],
        [
          744.8276,
          0.94122697
        ],
        [
          786.2069,
          0.94153603
        ],
        [
          827.5862,
          0.94169439
        ],
        [
          868.9655,
          0.9423063
        ],
        [
          910.3448,
          0.94239766
        ],
        [
          951.7241,
          0.94269721
        ],
        [
          993.1034,
          0.94305922
        ],
        [
          1034.4827,
          0.94322801
        ],
        [
          1075.8621,
          0.94323847
        ],
        [
          1117.2414,
          0.94326528
        ],
        [
          1158.6207,
          0.94341105
        ],
        [
          1200.0,
          0.94358407
        ]
      ]
    }
  }
}