{
  "instance": "rio_de_janeiro_150",
  "num_images": 150,
  "timeout_s": 1200,
  "objectives": [
    "min_cost",
    "cloud_coverage",
    "min_max_incidence_angle",
    "min_resolution"
  ],
  "shared_bounds": [
    [
      2086329,
      14863559
    ],
    [
      42,
      905319
    ],
    [
      171,
      481
    ],
    [
      386657,
      669680
    ]
  ],
  "total_trace_points": 189070,
  "configs": {
    "Pure PLS": {
      "final_solutions": 7833,
      "wall_seconds": 2110.4,
      "trace_bytes": 1183377,
      "invalid_solutions": 0,
      "final_hv": 0.84699077,
      "delta_vs_pure_pls_pct": 0.0,
      "curve": [
        [
          0.0,
          0.0
        ],
        [
          41.3793,
          0.56384966
        ],
        [
          82.7586,
          0.5666507
        ],
        [
          124.1379,
          0.5693832
        ],
        [
          165.5172,
          0.57470429
        ],
        [
          206.8965,
          0.57827424
        ],
        [
          248.2759,
          0.7769663
        ],
        [
          289.6552,
          0.78059276
        ],
        [
          331.0345,
          0.78190922
        ],
        [
          372.4138,
          0.78303564
        ],
        [
          413.7931,
          0.78312083
        ],
        [
          455.1724,
          0.78402179
        ],
        [
          496.5517,
          0.78509182
        ],
        [
          537.931,
          0.7954411
        ],
        [
          579.3103,
          0.81238078
        ],
        [
          620.6897,
          0.81380253
        ],
        [
          662.069,
          0.81397395
        ],
        [
          703.4483,
          0.81403474
        ],
        [
          744.8276,
          0.81407919
        ],
        [
          786.2069,
          0.82401232
        ],
        [
          827.5862,
          0.84078045
        ],
        [
          868.9655,
          0.84324585
        ],
        [
          910.3448,
          0.84427035
        ],
        [
          951.7241,
          0.84608159
        ],
        [
          993.1034,
          0.84614881
        ],
        [
          1034.4827,
          0.84622797
        ],
        [
          1075.8621,
          0.84678511
        ],
        [
          1117.2414,
          0.8467982
        ],
        [
          1158.6207,
          0.8469657
        ],
        [
          1200.0,
          0.84699077
        ]
      ]
    },
    "Scalarized PLS": {
      "final_solutions": 22660,
      "wall_seconds": 1778.5,
      "trace_bytes": 1449522,
      "invalid_solutions": 0,
      "final_hv": 0.91188008,
      "delta_vs_pure_pls_pct": 7.6612,
      "curve": [
        [
          0.0,
          0.0
        ],
        [
          41.3793,
          0.82468861
        ],
        [
          82.7586,
          0.84077358
        ],
        [
          124.1379,
          0.84390851
        ],
        [
          165.5172,
          0.84420393
        ],
        [
          206.8965,
          0.84481877
        ],
        [
          248.2759,
          0.85001346
        ],
        [
          289.6552,
          0.85200068
        ],
        [
          331.0345,
          0.88278409
        ],
        [
          372.4138,
          0.89307847
        ],
        [
          413.7931,
          0.89563194
        ],
        [
          455.1724,
          0.89659284
        ],
        [
          496.5517,
          0.89910454
        ],
        [
          537.931,
          0.90079972
        ],
        [
          579.3103,
          0.90355039
        ],
        [
          620.6897,
          0.90403067
        ],
        [
          662.069,
          0.90444763
        ],
        [
          703.4483,
          0.90509664
        ],
        [
          744.8276,
          0.90556461
        ],
        [
          786.2069,
          0.90771083
        ],
        [
          827.5862,
          0.90800877
        ],
        [
          868.9655,
          0.90898056
        ],
        [
          910.3448,
          0.90912361
        ],
        [
          951.7241,
          0.90953543
        ],
        [
          993.1034,
          0.90999026
        ],
        [
          1034.4827,
          0.91062762
        ],
        [
          1075.8621,
          0.91092272
        ],
        [
          1117.2414,
          0.91119254
        ],
        [
          1158.6207,
          0.91147231
        ],
        [
          1200.0,
          0.91188008
        ]
      ]
    }
  }
}