{
  "instance": "rio_de_janeiro_100",
  "num_images": 100,
  "timeout_s": 1200,
  "objectives": [
    "min_cost",
    "cloud_coverage",
    "min_max_incidence_angle",
    "min_resolution"
  ],
  "shared_bounds": [
    [
      2553629,
      12718156
    ],
    [
      214,
      670879
    ],
    [
      287,
      469
    ],
    [
      178471,
      271093
    ]
  ],
  "total_trace_points": 173679,
  "configs": {
    "Pure PLS": {
      "final_solutions": 13150,
      "wall_seconds": 2886.6,
      "trace_bytes": 1671504,
      "invalid_solutions": 0,
      "final_hv": 0.93440464,
      "delta_vs_pure_pls_pct": 0.0,
      "curve": [
        [
          0.0,
          0.0
        ],
        [
          41.3793,
          0.85121877
        ],
        [
          82.7586,
          0.85247195
        ],
        [
          124.1379,
          0.8530712
        ],
        [
          165.5172,
          0.85309532
        ],
        [
          206.8965,
          0.89393688
        ],
        [
          248.2759,
          0.90553559
        ],
        [
          289.6552,
          0.90957732
        ],
        [
          331.0345,
          0.91008127
        ],
        [
          372.4138,
          0.91016891
        ],
        [
          413.7931,
          0.91026141
        ],
        [
          455.1724,
          0.91030573
        ],
        [
          496.5517,
          0.91031035
        ],
        [
          537.931,
          0.9103817
        ],
        [
          579.3103,
          0.91043706
        ],
        [
          620.6897,
          0.92807403
        ],
        [
          662.069,
          0.92901919
        ],
        [
          703.4483,
          0.92941847
        ],
        [
          744.8276,
          0.93002203
        ],
        [
          786.2069,
          0.93023173
        ],
        [
          827.5862,
          0.93029841
        ],
        [
          868.9655,
          0.93032646
        ],
        [
          910.3448,
          0.93035648
        ],
        [
          951.7241,
          0.93044883
        ],
        [
          993.1034,
          0.93048374
        ],
        [
          1034.4827,
          0.93272977
        ],
        [
          1075.8621,
          0.93364406
        ],
        [
          1117.2414,
          0.93413406
        ],
        [
          1158.6207,
          0.93427386
        ],
        [
          1200.0,
          0.93440464
        ]
      ]
    },
    "Scalarized PLS": {
      "final_solutions": 14495,
      "wall_seconds": 737.1,
      "trace_bytes": 749998,
      "invalid_solutions": 0,
      "final_hv": 0.93431411,
      "delta_vs_pure_pls_pct": -0.0097,
      "curve": [
        [
          0.0,
          0.0
        ],
        [
          41.3793,
          0.89530755
        ],
        [
          82.7586,
          0.93275119
        ],
        [
          124.1379,
          0.93358095
        ],
        [
          165.5172,
          0.9338778
        ],
        [
          206.8965,
          0.93394432
        ],
        [
          248.2759,
          0.93418979
        ],
        [
          289.6552,
          0.93424701
        ],
        [
          331.0345,
          0.93427831
        ],
        [
          372.4138,
          0.93428306
        ],
        [
          413.7931,
          0.93429099
        ],
        [
          455.1724,
          0.93429193
        ],
        [
          496.5517,
          0.93430156
        ],
        [
          537.931,
          0.93431411
        ],
        [
          579.3103,
          0.93431411
        ],
        [
          620.6897,
          0.93431411
        ],
        [
          662.069,
          0.93431411
        ],
        [
          703.4483,
          0.93431411
        ],
        [
          744.8276,
          0.93431411
        ],
        [
          786.2069,
          0.93431411
        ],
        [
          827.5862,
          0.93431411
        ],
        [
          868.9655,
          0.93431411
        ],
        [
          910.3448,
          0.93431411
        ],
        [
          951.7241,
          0.93431411
        ],
        [
          993.1034,
          0.93431411
        ],
        [
          1034.4827,
          0.93431411
        ],
        [
          1075.8621,
          0.93431411
        ],
        [
          1117.2414,
          0.93431411
        ],
        [
          1158.6207,
          0.93431411
        ],
        [
          1200.0,
          0.93431411
        ]
      ]
    }
  }
}