{
  "instance": "rio_de_janeiro_50",
  "num_images": 50,
  "timeout_s": 300,
  "objectives": [
    "min_cost",
    "cloud_coverage",
    "min_max_incidence_angle",
    "min_resolution"
  ],
  "shared_bounds": [
    [
      3131779,
      7999760
    ],
    [
      315,
      555229
    ],
    [
      187,
      345
    ],
    [
      38299,
      56891
    ]
  ],
  "total_trace_points": 19054,
  "configs": {
    "Pure PLS": {
      "final_solutions": 1966,
      "wall_seconds": 311.9,
      "trace_bytes": 159928,
      "invalid_solutions": 0,
      "final_hv": 0.6434274,
      "delta_vs_pure_pls_pct": 0.0,
      "curve": [
        [
          0.0,
          0.0
        ],
        [
          10.3448,
          0.62960208
        ],
        [
          20.6897,
          0.64043408
        ],
        [
          31.0345,
          0.64213714
        ],
        [
          41.3793,
          0.64297489
        ],
        [
          51.7241,
          0.64303132
        ],
        [
          62.069,
          0.64316017
        ],
        [
          72.4138,
          0.64333987
        ],
        [
          82.7586,
          0.64334681
        ],
        [
          93.1034,
          0.64334684
        ],
        [
          103.4483,
          0.64334712
        ],
        [
          113.7931,
          0.64335315
        ],
        [
          124.1379,
          0.64335366
        ],
        [
          134.4828,
          0.64342731
        ],
        [
          144.8276,
          0.64342731
        ],
        [
          155.1724,
          0.64342731
        ],
        [
          165.5172,
          0.64342731
        ],
        [
          175.8621,
          0.64342731
        ],
        [
          186.2069,
          0.64342731
        ],
        [
          196.5517,
          0.64342731
        ],
        [
          206.8965,
          0.64342731
        ],
        [
          217.2414,
          0.64342734
        ],
        [
          227.5862,
          0.64342735
        ],
        [
          237.931,
          0.6434274
        ],
        [
          248.2758,
          0.6434274
        ],
        [
          258.6207,
          0.6434274
        ],
        [
          268.9655,
          0.6434274
        ],
        [
          279.3103,
          0.6434274
        ],
        [
          289.6552,
          0.6434274
        ],
        [
          300.0,
          0.6434274
        ]
      ]
    },
    "Scalarized PLS": {
      "final_solutions": 1464,
      "wall_seconds": 15.9,
      "trace_bytes": 80930,
      "invalid_solutions": 0,
      "final_hv": 0.64247487,
      "delta_vs_pure_pls_pct": -0.148,
      "curve": [
        [
          0.0,
          0.0
        ],
        [
          10.3448,
          0.64187343
        ],
        [
          20.6897,
          0.64247487
        ],
        [
          31.0345,
          0.64247487
        ],
        [
          41.3793,
          0.64247487
        ],
        [
          51.7241,
          0.64247487
        ],
        [
          62.069,
          0.64247487
        ],
        [
          72.4138,
          0.64247487
        ],
        [
          82.7586,
          0.64247487
        ],
        [
          93.1034,
          0.64247487
        ],
        [
          103.4483,
          0.64247487
        ],
        [
          113.7931,
          0.64247487
        ],
        [
          124.1379,
          0.64247487
        ],
        [
          134.4828,
          0.64247487
        ],
        [
          144.8276,
          0.64247487
        ],
        [
          155.1724,
          0.64247487
        ],
        [
          165.5172,
          0.64247487
        ],
        [
          175.8621,
          0.64247487
        ],
        [
          186.2069,
          0.64247487
        ],
        [
          196.5517,
          0.64247487
        ],
        [
          206.8965,
          0.64247487
        ],
        [
          217.2414,
          0.64247487
        ],
        [
          227.5862,
          0.64247487
        ],
        [
          237.931,
          0.64247487
        ],
        [
          248.2758,
          0.64247487
        ],
        [
          258.6207,
          0.64247487
        ],
        [
          268.9655,
          0.64247487
        ],
        [
          279.3103,
          0.64247487
        ],
        [
          289.6552,
          0.64247487
        ],
        [
          300.0,
          0.64247487
        ]
      ]
    }
  }
}