{
  "instance": "tokyo_bay_30",
  "num_images": 30,
  "timeout_s": 300,
  "objectives": [
    "min_cost",
    "cloud_coverage",
    "min_max_incidence_angle",
    "min_resolution"
  ],
  "shared_bounds": [
    [
      3517465,
      8383365
    ],
    [
      147584,
      736191
    ],
    [
      246,
      385
    ],
    [
      9304,
      10906
    ]
  ],
  "total_trace_points": 3815,
  "configs": {
    "Pure PLS": {
      "final_solutions": 768,
      "wall_seconds": 118.4,
      "trace_bytes": 31118,
      "invalid_solutions": 0,
      "final_hv": 0.72410246,
      "delta_vs_pure_pls_pct": 0.0,
      "curve": [
        [
          0.0,
          0.0
        ],
        [
          10.3448,
          0.72410246
        ],
        [
          20.6897,
          0.72410246
        ],
        [
          31.0345,
          0.72410246
        ],
        [
          41.3793,
          0.72410246
        ],
        [
          51.7241,
          0.72410246
        ],
        [
          62.069,
          0.72410246
        ],
        [
          72.4138,
          0.72410246
        ],
        [
          82.7586,
          0.72410246
        ],
        [
          93.1034,
          0.72410246
        ],
        [
          103.4483,
          0.72410246
        ],
        [
          113.7931,
          0.72410246
        ],
        [
          124.1379,
          0.72410246
        ],
        [
          134.4828,
          0.72410246
        ],
        [
          144.8276,
          0.72410246
        ],
        [
          155.1724,
          0.72410246
        ],
        [
          165.5172,
          0.72410246
        ],
        [
          175.8621,
          0.72410246
        ],
        [
          186.2069,
          0.72410246
        ],
        [
          196.5517,
          0.72410246
        ],
        [
          206.8965,
          0.72410246
        ],
        [
          217.2414,
          0.72410246
        ],
        [
          227.5862,
          0.72410246
        ],
        [
          237.931,
          0.72410246
        ],
        [
          248.2758,
          0.72410246
        ],
        [
          258.6207,
          0.72410246
        ],
        [
          268.9655,
          0.72410246
        ],
        [
          279.3103,
          0.72410246
        ],
        [
          289.6552,
          0.72410246
        ],
        [
          300.0,
          0.72410246
        ]
      ]
    },
    "Scalarized PLS": {
      "final_solutions": 729,
      "wall_seconds": 5.2,
      "trace_bytes": 18544,
      "invalid_solutions": 0,
      "final_hv": 0.72356236,
      "delta_vs_pure_pls_pct": -0.0746,
      "curve": [
        [
          0.0,
          0.0
        ],
        [
          10.3448,
          0.72356236
        ],
        [
          20.6897,
          0.72356236
        ],
        [
          31.0345,
          0.72356236
        ],
        [
          41.3793,
          0.72356236
        ],
        [
          51.7241,
          0.72356236
        ],
        [
          62.069,
          0.72356236
        ],
        [
          72.4138,
          0.72356236
        ],
        [
          82.7586,
          0.72356236
        ],
        [
          93.1034,
          0.72356236
        ],
        [
          103.4483,
          0.72356236
        ],
        [
          113.7931,
          0.72356236
        ],
        [
          124.1379,
          0.72356236
        ],
        [
          134.4828,
          0.72356236
        ],
        [
          144.8276,
          0.72356236
        ],
        [
          155.1724,
          0.72356236
        ],
        [
          165.5172,
          0.72356236
        ],
        [
          175.8621,
          0.72356236
        ],
        [
          186.2069,
          0.72356236
        ],
        [
          196.5517,
          0.72356236
        ],
        [
          206.8965,
          0.72356236
        ],
        [
          217.2414,
          0.72356236
        ],
        [
          227.5862,
          0.72356236
        ],
        [
          237.931,
          0.72356236
        ],
        [
          248.2758,
          0.72356236
        ],
        [
          258.6207,
          0.72356236
        ],
        [
          268.9655,
          0.72356236
        ],
        [
          279.3103,
          0.72356236
        ],
        [
          289.6552,
          0.72356236
        ],
        [
          300.0,
          0.72356236
        ]
      ]
    }
  }
}