{
  "instance": "tokyo_bay_150",
  "num_images": 150,
  "timeout_s": 1200,
  "objectives": [
    "min_cost",
    "cloud_coverage",
    "min_max_incidence_angle",
    "min_resolution"
  ],
  "shared_bounds": [
    [
      3083951,
      14640049
    ],
    [
      0,
      1436595
    ],
    [
      188,
      513
    ],
    [
      242406,
      414319
    ]
  ],
  "total_trace_points": 100083,
  "configs": {
    "Pure PLS": {
      "final_solutions": 10563,
      "wall_seconds": 1952.6,
      "trace_bytes": 1184899,
      "invalid_solutions": 0,
      "final_hv": 0.91736238,
      "delta_vs_pure_pls_pct": 0.0,
      "curve": [
        [
          0.0,
          0.0
        ],
        [
          41.3793,
          0.71590722
        ],
        [
          82.7586,
          0.72664525
        ],
        [
          124.1379,
          0.72976614
        ],
        [
          165.5172,
          0.73111648
        ],
        [
          206.8965,
          0.73162249
        ],
        [
          248.2759,
          0.73191364
        ],
        [
          289.6552,
          0.73196295
        ],
        [
          331.0345,
          0.73197086
        ],
        [
          372.4138,
          0.89931918
        ],
        [
          413.7931,
          0.90061217
        ],
        [
          455.1724,
          0.90139841
        ],
        [
          496.5517,
          0.91028662
        ],
        [
          537.931,
          0.91063328
        ],
        [
          579.3103,
          0.91213075
        ],
        [
          620.6897,
          0.91214848
        ],
        [
          662.069,
          0.91219569
        ],
        [
          703.4483,
          0.9122312
        ],
        [
          744.8276,
          0.91235934
        ],
        [
          786.2069,
          0.91255993
        ],
        [
          827.5862,
          0.91258942
        ],
        [
          868.9655,
          0.91263257
        ],
        [
          910.3448,
          0.91263747
        ],
        [
          951.7241,
          0.91263879
        ],
        [
          993.1034,
          0.91281865
        ],
        [
          1034.4827,
          0.91281925
        ],
        [
          1075.8621,
          0.91282043
        ],
        [
          1117.2414,
          0.91282146
        ],
        [
          1158.6207,
          0.91305624
        ],
        [
          1200.0,
          0.91736238
        ]
      ]
    },
    "Scalarized PLS": {
      "final_solutions": 950,
      "wall_seconds": 78.0,
      "trace_bytes": 217327,
      "invalid_solutions": 0,
      "final_hv": 0.93876842,
      "delta_vs_pure_pls_pct": 2.3334,
      "curve": [
        [
          0.0,
          0.0
        ],
        [
          41.3793,
          0.69509196
        ],
        [
          82.7586,
          0.93876842
        ],
        [
          124.1379,
          0.93876842
        ],
        [
          165.5172,
          0.93876842
        ],
        [
          206.8965,
          0.93876842
        ],
        [
          248.2759,
          0.93876842
        ],
        [
          289.6552,
          0.93876842
        ],
        [
          331.0345,
          0.93876842
        ],
        [
          372.4138,
          0.93876842
        ],
        [
          413.7931,
          0.93876842
        ],
        [
          455.1724,
          0.93876842
        ],
        [
          496.5517,
          0.93876842
        ],
        [
          537.931,
          0.93876842
        ],
        [
          579.3103,
          0.93876842
        ],
        [
          620.6897,
          0.93876842
        ],
        [
          662.069,
          0.93876842
        ],
        [
          703.4483,
          0.93876842
        ],
        [
          744.8276,
          0.93876842
        ],
        [
          786.2069,
          0.93876842
        ],
        [
          827.5862,
          0.93876842
        ],
        [
          868.9655,
          0.93876842
        ],
        [
          910.3448,
          0.93876842
        ],
        [
          951.7241,
          0.93876842
        ],
        [
          993.1034,
          0.93876842
        ],
        [
          1034.4827,
          0.93876842
        ],
        [
          1075.8621,
          0.93876842
        ],
        [
          1117.2414,
          0.93876842
        ],
        [
          1158.6207,
          0.93876842
        ],
        [
          1200.0,
          0.93876842
        ]
      ]
    }
  }
}