{
  "instance": "tokyo_bay_50",
  "num_images": 50,
  "timeout_s": 300,
  "objectives": [
    "min_cost",
    "cloud_coverage",
    "min_max_incidence_angle",
    "min_resolution"
  ],
  "shared_bounds": [
    [
      2192639,
      9526433
    ],
    [
      0,
      65726
    ],
    [
      290,
      333
    ],
    [
      26635,
      41667
    ]
  ],
  "total_trace_points": 10277,
  "configs": {
    "Pure PLS": {
      "final_solutions": 2039,
      "wall_seconds": 302.3,
      "trace_bytes": 103988,
      "invalid_solutions": 0,
      "final_hv": 0.84818836,
      "delta_vs_pure_pls_pct": 0.0,
      "curve": [
        [
          0.0,
          0.0
        ],
        [
          10.3448,
          0.82929256
        ],
        [
          20.6897,
          0.83830757
        ],
        [
          31.0345,
          0.84187295
        ],
        [
          41.3793,
          0.84359321
        ],
        [
          51.7241,
          0.84647021
        ],
        [
          62.069,
          0.84711918
        ],
        [
          72.4138,
          0.84712522
        ],
        [
          82.7586,
          0.84714224
        ],
        [
          93.1034,
          0.84714423
        ],
        [
          103.4483,
          0.84714444
        ],
        [
          113.7931,
          0.84714793
        ],
        [
          124.1379,
          0.84720217
        ],
        [
          134.4828,
          0.84720217
        ],
        [
          144.8276,
          0.84720217
        ],
        [
          155.1724,
          0.84720217
        ],
        [
          165.5172,
          0.84724922
        ],
        [
          175.8621,
          0.84724922
        ],
        [
          186.2069,
          0.84724922
        ],
        [
          196.5517,
          0.84724922
        ],
        [
          206.8965,
          0.84724922
        ],
        [
          217.2414,
          0.84724922
        ],
        [
          227.5862,
          0.84724922
        ],
        [
          237.931,
          0.84724922
        ],
        [
          248.2758,
          0.84817247
        ],
        [
          258.6207,
          0.84817335
        ],
        [
          268.9655,
          0.84818313
        ],
        [
          279.3103,
          0.84818313
        ],
        [
          289.6552,
          0.84818836
        ],
        [
          300.0,
          0.84818836
        ]
      ]
    },
    "Scalarized PLS": {
      "final_solutions": 551,
      "wall_seconds": 4.0,
      "trace_bytes": 17428,
      "invalid_solutions": 0,
      "final_hv": 0.83123356,
      "delta_vs_pure_pls_pct": -1.9989,
      "curve": [
        [
          0.0,
          0.0
        ],
        [
          10.3448,
          0.83123356
        ],
        [
          20.6897,
          0.83123356
        ],
        [
          31.0345,
          0.83123356
        ],
        [
          41.3793,
          0.83123356
        ],
        [
          51.7241,
          0.83123356
        ],
        [
          62.069,
          0.83123356
        ],
        [
          72.4138,
          0.83123356
        ],
        [
          82.7586,
          0.83123356
        ],
        [
          93.1034,
          0.83123356
        ],
        [
          103.4483,
          0.83123356
        ],
        [
          113.7931,
          0.83123356
        ],
        [
          124.1379,
          0.83123356
        ],
        [
          134.4828,
          0.83123356
        ],
        [
          144.8276,
          0.83123356
        ],
        [
          155.1724,
          0.83123356
        ],
        [
          165.5172,
          0.83123356
        ],
        [
          175.8621,
          0.83123356
        ],
        [
          186.2069,
          0.83123356
        ],
        [
          196.5517,
          0.83123356
        ],
        [
          206.8965,
          0.83123356
        ],
        [
          217.2414,
          0.83123356
        ],
        [
          227.5862,
          0.83123356
        ],
        [
          237.931,
          0.83123356
        ],
        [
          248.2758,
          0.83123356
        ],
        [
          258.6207,
          0.83123356
        ],
        [
          268.9655,
          0.83123356
        ],
        [
          279.3103,
          0.83123356
        ],
        [
          289.6552,
          0.83123356
        ],
        [
          300.0,
          0.83123356
        ]
      ]
    }
  }
}