{
  "instance": "tokyo_bay_100",
  "num_images": 100,
  "timeout_s": 1200,
  "objectives": [
    "min_cost",
    "cloud_coverage",
    "min_max_incidence_angle",
    "min_resolution"
  ],
  "shared_bounds": [
    [
      2194209,
      12325116
    ],
    [
      0,
      1140890
    ],
    [
      192,
      513
    ],
    [
      99026,
      170388
    ]
  ],
  "total_trace_points": 301350,
  "configs": {
    "Pure PLS": {
      "final_solutions": 22025,
      "wall_seconds": 4004.5,
      "trace_bytes": 2952142,
      "invalid_solutions": 0,
      "final_hv": 0.88723577,
      "delta_vs_pure_pls_pct": 0.0,
      "curve": [
        [
          0.0,
          0.0
        ],
        [
          41.3793,
          0.82936559
        ],
        [
          82.7586,
          0.83348862
        ],
        [
          124.1379,
          0.83546229
        ],
        [
          165.5172,
          0.83694579
        ],
        [
          206.8965,
          0.8376514
        ],
        [
          248.2759,
          0.83791091
        ],
        [
          289.6552,
          0.83803084
        ],
        [
          331.0345,
          0.83804859
        ],
        [
          372.4138,
          0.83806174
        ],
        [
          413.7931,
          0.86995554
        ],
        [
          455.1724,
          0.87633799
        ],
        [
          496.5517,
          0.87730794
        ],
        [
          537.931,
          0.87825063
        ],
        [
          579.3103,
          0.87899831
        ],
        [
          620.6897,
          0.87910802
        ],
        [
          662.069,
          0.87952227
        ],
        [
          703.4483,
          0.87959765
        ],
        [
          744.8276,
          0.87965814
        ],
        [
          786.2069,
          0.87969755
        ],
        [
          827.5862,
          0.87971759
        ],
        [
          868.9655,
          0.87979075
        ],
        [
          910.3448,
          0.88032307
        ],
        [
          951.7241,
          0.88038716
        ],
        [
          993.1034,
          0.88059353
        ],
        [
          1034.4827,
          0.88065773
        ],
        [
          1075.8621,
          0.8806916
        ],
        [
          1117.2414,
          0.88069931
        ],
        [
          1158.6207,
          0.88651781
        ],
        [
          1200.0,
          0.88723577
        ]
      ]
    },
    "Scalarized PLS": {
      "final_solutions": 20678,
      "wall_seconds": 1513.9,
      "trace_bytes": 1462902,
      "invalid_solutions": 0,
      "final_hv": 0.89137934,
      "delta_vs_pure_pls_pct": 0.467,
      "curve": [
        [
          0.0,
          0.0
        ],
        [
          41.3793,
          0.85291248
        ],
        [
          82.7586,
          0.87873576
        ],
        [
          124.1379,
          0.88484498
        ],
        [
          165.5172,
          0.88574325
        ],
        [
          206.8965,
          0.88602108
        ],
        [
          248.2759,
          0.88619225
        ],
        [
          289.6552,
          0.88646827
        ],
        [
          331.0345,
          0.88776124
        ],
        [
          372.4138,
          0.88965045
        ],
        [
          413.7931,
          0.89031424
        ],
        [
          455.1724,
          0.89049194
        ],
        [
          496.5517,
          0.89105317
        ],
        [
          537.931,
          0.89111505
        ],
        [
          579.3103,
          0.89112938
        ],
        [
          620.6897,
          0.89114774
        ],
        [
          662.069,
          0.89117457
        ],
        [
          703.4483,
          0.89119714
        ],
        [
          744.8276,
          0.89121385
        ],
        [
          786.2069,
          0.89122956
        ],
        [
          827.5862,
          0.89124316
        ],
        [
          868.9655,
          0.89125442
        ],
        [
          910.3448,
          0.89126687
        ],
        [
          951.7241,
          0.89132533
        ],
        [
          993.1034,
          0.8913354
        ],
        [
          1034.4827,
          0.89135612
        ],
        [
          1075.8621,
          0.89136594
        ],
        [
          1117.2414,
          0.89137457
        ],
        [
          1158.6207,
          0.89137859
        ],
        [
          1200.0,
          0.89137934
        ]
      ]
    }
  }
}