{
  "instance": "lagos_nigeria_145",
  "num_images": 145,
  "timeout_s": 60,
  "objectives": [
    "min_cost",
    "cloud_coverage",
    "min_max_incidence_angle",
    "min_resolution"
  ],
  "shared_bounds": [
    [
      666923,
      52799061
    ],
    [
      0,
      1227890
    ],
    [
      46,
      537
    ],
    [
      260889,
      1376907
    ]
  ],
  "total_trace_points": 61024,
  "configs": {
    "Pure PLS": {
      "final_solutions": 8243,
      "wall_seconds": 66.5,
      "trace_bytes": 269796,
      "invalid_solutions": 0,
      "final_hv": 0.72941493,
      "delta_vs_pure_pls_pct": 0.0,
      "curve": [
        [
          0.0,
          0.61848952
        ],
        [
          2.069,
          0.69487726
        ],
        [
          4.1379,
          0.70764783
        ],
        [
          6.2069,
          0.71225115
        ],
        [
          8.2759,
          0.7139198
        ],
        [
          10.3448,
          0.71395314
        ],
        [
          12.4138,
          0.71428055
        ],
        [
          14.4828,
          0.71443953
        ],
        [
          16.5517,
          0.71445199
        ],
        [
          18.6207,
          0.71461489
        ],
        [
          20.6897,
          0.71462434
        ],
        [
          22.7586,
          0.71466115
        ],
        [
          24.8276,
          0.71559919
        ],
        [
          26.8965,
          0.71801342
        ],
        [
          28.9655,
          0.72159107
        ],
        [
          31.0345,
          0.72166723
        ],
        [
          33.1034,
          0.7221496
        ],
        [
          35.1724,
          0.72224232
        ],
        [
          37.2414,
          0.72230362
        ],
        [
          39.3103,
          0.72234529
        ],
        [
          41.3793,
          0.7230425
        ],
        [
          43.4483,
          0.7230678
        ],
        [
          45.5172,
          0.723102
        ],
        [
          47.5862,
          0.72340327
        ],
        [
          49.6552,
          0.72342939
        ],
        [
          51.7241,
          0.72839832
        ],
        [
          53.7931,
          0.7284024
        ],
        [
          55.8621,
          0.7286549
        ],
        [
          57.931,
          0.72865864
        ],
        [
          60.0,
          0.72941493
        ]
      ]
    },
    "Hybrid 50:50": {
      "final_solutions": 5761,
      "wall_seconds": 31.8,
      "trace_bytes": 152058,
      "invalid_solutions": 0,
      "final_hv": 0.7627069,
      "delta_vs_pure_pls_pct": 4.5642,
      "curve": [
        [
          0.0,
          0.0
        ],
        [
          2.069,
          0.0
        ],
        [
          4.1379,
          0.0
        ],
        [
          6.2069,
          0.0
        ],
        [
          8.2759,
          0.0
        ],
        [
          10.3448,
          0.0
        ],
        [
          12.4138,
          0.0
        ],
        [
          14.4828,
          0.00824792
        ],
        [
          16.5517,
          0.00824792
        ],
        [
          18.6207,
          0.00824792
        ],
        [
          20.6897,
          0.00824792
        ],
        [
          22.7586,
          0.00824792
        ],
        [
          24.8276,
          0.00824792
        ],
        [
          26.8965,
          0.00824792
        ],
        [
          28.9655,
          0.00824792
        ],
        [
          31.0345,
          0.70112813
        ],
        [
          33.1034,
          0.74166924
        ],
        [
          35.1724,
          0.74808722
        ],
        [
          37.2414,
          0.75881708
        ],
        [
          39.3103,
          0.75911444
        ],
        [
          41.3793,
          0.7593181
        ],
        [
          43.4483,
          0.76072428
        ],
        [
          45.5172,
          0.76073616
        ],
        [
          47.5862,
          0.76135543
        ],
        [
          49.6552,
          0.76137743
        ],
        [
          51.7241,
          0.76212795
        ],
        [
          53.7931,
          0.76241606
        ],
        [
          55.8621,
          0.76268326
        ],
        [
          57.931,
          0.76268648
        ],
        [
          60.0,
          0.7627069
        ]
      ]
    },
    "Improved PLS": {
      "final_solutions": 8531,
      "wall_seconds": 67.7,
      "trace_bytes": 274720,
      "invalid_solutions": 0,
      "final_hv": 0.7461639,
      "delta_vs_pure_pls_pct": 2.2962,
      "curve": [
        [
          0.0,
          0.63039562
        ],
        [
          2.069,
          0.71520847
        ],
        [
          4.1379,
          0.72629931
        ],
        [
          6.2069,
          0.72970554
        ],
        [
          8.2759,
          0.73040131
        ],
        [
          10.3448,
          0.73119922
        ],
        [
          12.4138,
          0.73340431
        ],
        [
          14.4828,
          0.73342649
        ],
        [
          16.5517,
          0.73345095
        ],
        [
          18.6207,
          0.73348874
        ],
        [
          20.6897,
          0.73354679
        ],
        [
          22.7586,
          0.73484941
        ],
        [
          24.8276,
          0.737215
        ],
        [
          26.8965,
          0.7386717
        ],
        [
          28.9655,
          0.73940352
        ],
        [
          31.0345,
          0.74391964
        ],
        [
          33.1034,
          0.74419932
        ],
        [
          35.1724,
          0.74431159
        ],
        [
          37.2414,
          0.74441918
        ],
        [
          39.3103,
          0.74445158
        ],
        [
          41.3793,
          0.74447653
        ],
        [
          43.4483,
          0.74481317
        ],
        [
          45.5172,
          0.7449571
        ],
        [
          47.5862,
          0.74496538
        ],
        [
          49.6552,
          0.74505235
        ],
        [
          51.7241,
          0.74506237
        ],
        [
          53.7931,
          0.74614183
        ],
        [
          55.8621,
          0.7461492
        ],
        [
          57.931,
          0.74615694
        ],
        [
          60.0,
          0.7461639
        ]
      ]
    },
    "Improved Hybrid": {
      "final_solutions": 6417,
      "wall_seconds": 34.7,
      "trace_bytes": 183830,
      "invalid_solutions": 0,
      "final_hv": 0.75811374,
      "delta_vs_pure_pls_pct": 3.9345,