{
  "instance": "lagos_nigeria_30",
  "num_images": 30,
  "timeout_s": 3,
  "objectives": [
    "min_cost",
    "cloud_coverage",
    "min_max_incidence_angle",
    "min_resolution"
  ],
  "shared_bounds": [
    [
      2736639,
      8676619
    ],
    [
      53468,
      700569
    ],
    [
      332,
      494
    ],
    [
      14229,
      22943
    ]
  ],
  "total_trace_points": 12237,
  "configs": {
    "Pure PLS": {
      "final_solutions": 1190,
      "wall_seconds": 3.6,
      "trace_bytes": 53210,
      "invalid_solutions": 0,
      "final_hv": 0.79293666,
      "delta_vs_pure_pls_pct": 0.0,
      "curve": [
        [
          0.0,
          0.42719642
        ],
        [
          0.1034,
          0.68067095
        ],
        [
          0.2069,
          0.72857447
        ],
        [
          0.3103,
          0.75233836
        ],
        [
          0.4138,
          0.75443138
        ],
        [
          0.5172,
          0.75777304
        ],
        [
          0.6207,
          0.7592403
        ],
        [
          0.7241,
          0.76121529
        ],
        [
          0.8276,
          0.76339509
        ],
        [
          0.931,
          0.77450789
        ],
        [
          1.0345,
          0.77551167
        ],
        [
          1.1379,
          0.77892448
        ],
        [
          1.2414,
          0.78225589
        ],
        [
          1.3448,
          0.78245888
        ],
        [
          1.4483,
          0.78307425
        ],
        [
          1.5517,
          0.783278
        ],
        [
          1.6552,
          0.78354691
        ],
        [
          1.7586,
          0.78370913
        ],
        [
          1.8621,
          0.78375769
        ],
        [
          1.9655,
          0.78379603
        ],
        [
          2.069,
          0.78391441
        ],
        [
          2.1724,
          0.78394928
        ],
        [
          2.2759,
          0.78576995
        ],
        [
          2.3793,
          0.78630631
        ],
        [
          2.4828,
          0.79119769
        ],
        [
          2.5862,
          0.79132398
        ],
        [
          2.6896,
          0.79140023
        ],
        [
          2.7931,
          0.79286876
        ],
        [
          2.8965,
          0.7928982
        ],
        [
          3.0,
          0.79293666
        ]
      ]
    },
    "Hybrid 50:50": {
      "final_solutions": 1166,
      "wall_seconds": 2.2,
      "trace_bytes": 31554,
      "invalid_solutions": 0,
      "final_hv": 0.80775171,
      "delta_vs_pure_pls_pct": 1.8684,
      "curve": [
        [
          0.0,
          0.0
        ],
        [
          0.1034,
          0.0983279
        ],
        [
          0.2069,
          0.42653001
        ],
        [
          0.3103,
          0.42653001
        ],
        [
          0.4138,
          0.50409291
        ],
        [
          0.5172,
          0.52485837
        ],
        [
          0.6207,
          0.53480823
        ],
        [
          0.7241,
          0.53571526
        ],
        [
          0.8276,
          0.53631228
        ],
        [
          0.931,
          0.53858478
        ],
        [
          1.0345,
          0.72709743
        ],
        [
          1.1379,
          0.77573267
        ],
        [
          1.2414,
          0.78682267
        ],
        [
          1.3448,
          0.79566082
        ],
        [
          1.4483,
          0.80035003
        ],
        [
          1.5517,
          0.80070978
        ],
        [
          1.6552,
          0.80181485
        ],
        [
          1.7586,
          0.80196084
        ],
        [
          1.8621,
          0.80247508
        ],
        [
          1.9655,
          0.80375963
        ],
        [
          2.069,
          0.8041079
        ],
        [
          2.1724,
          0.80418708
        ],
        [
          2.2759,
          0.80434378
        ],
        [
          2.3793,
          0.80481246
        ],
        [
          2.4828,
          0.80643401
        ],
        [
          2.5862,
          0.80649544
        ],
        [
          2.6896,
          0.80742218
        ],
        [
          2.7931,
          0.80751851
        ],
        [
          2.8965,
          0.80771882
        ],
        [
          3.0,
          0.80775171
        ]
      ]
    },
    "Improved PLS": {
      "final_solutions": 1290,
      "wall_seconds": 3.5,
      "trace_bytes": 49724,
      "invalid_solutions": 0,
      "final_hv": 0.81025886,
      "delta_vs_pure_pls_pct": 2.1846,
      "curve": [
        [
          0.0,
          0.44137601
        ],
        [
          0.1034,
          0.72305782
        ],
        [
          0.2069,
          0.77225228
        ],
        [
          0.3103,
          0.7755876
        ],
        [
          0.4138,
          0.77665174
        ],
        [
          0.5172,
          0.78333732
        ],
        [
          0.6207,
          0.7869669
        ],
        [
          0.7241,
          0.78876565
        ],
        [
          0.8276,
          0.79330383
        ],
        [
          0.931,
          0.80228438
        ],
        [
          1.0345,
          0.80489604
        ],
        [
          1.1379,
          0.80604898
        ],
        [
          1.2414,
          0.806404
        ],
        [
          1.3448,
          0.8065774
        ],
        [
          1.4483,
          0.8066232
        ],
        [
          1.5517,
          0.80670575
        ],
        [
          1.6552,
          0.8067575
        ],
        [
          1.7586,
          0.80684745
        ],
        [
          1.8621,
          0.80690821
        ],
        [
          1.9655,
          0.80716443
        ],
        [
          2.069,
          0.80934937
        ],
        [
          2.1724,
          0.80952098
        ],
        [
          2.2759,
          0.80955209
        ],
        [
          2.3793,
          0.80962705
        ],
        [
          2.4828,
          0.80968189
        ],
        [
          2.5862,
          0.80977982
        ],
        [
          2.6896,
          0.80978885
        ],
        [
          2.7931,
          0.80979942
        ],
        [
          2.8965,
          0.81024644
        ],
        [
          3.0,
          0.81025886
        ]
      ]
    },
    "Improved Hybrid": {
      "final_solutions": 1233,
      "wall_seconds": 2.2,
      "trace_bytes": 32068,
      "invalid_solutions": 0,
      "final_hv": 0.80857872,
      "delta_vs_pure_pls_pct": 1.9727,