{
  "instance": "lagos_nigeria_50",
  "num_images": 50,
  "timeout_s": 20,
  "objectives": [
    "min_cost",
    "cloud_coverage",
    "min_max_incidence_angle",
    "min_resolution"
  ],
  "shared_bounds": [
    [
      2368619,
      12088298
    ],
    [
      2922,
      290786
    ],
    [
      245,
      517
    ],
    [
      35329,
      53217
    ]
  ],
  "total_trace_points": 42113,
  "configs": {
    "Pure PLS": {
      "final_solutions": 3545,
      "wall_seconds": 25.1,
      "trace_bytes": 163096,
      "invalid_solutions": 0,
      "final_hv": 0.80065235,
      "delta_vs_pure_pls_pct": 0.0,
      "curve": [
        [
          0.0,
          0.57876126
        ],
        [
          0.6897,
          0.72445655
        ],
        [
          1.3793,
          0.72955493
        ],
        [
          2.069,
          0.73368806
        ],
        [
          2.7586,
          0.74538217
        ],
        [
          3.4483,
          0.74693022
        ],
        [
          4.1379,
          0.74882572
        ],
        [
          4.8276,
          0.75019697
        ],
        [
          5.5172,
          0.75265655
        ],
        [
          6.2069,
          0.77898245
        ],
        [
          6.8966,
          0.77912926
        ],
        [
          7.5862,
          0.79172064
        ],
        [
          8.2759,
          0.79352512
        ],
        [
          8.9655,
          0.79470867
        ],
        [
          9.6552,
          0.79603233
        ],
        [
          10.3448,
          0.79693018
        ],
        [
          11.0345,
          0.79707685
        ],
        [
          11.7241,
          0.79731041
        ],
        [
          12.4138,
          0.79760475
        ],
        [
          13.1034,
          0.79767578
        ],
        [
          13.7931,
          0.79780118
        ],
        [
          14.4828,
          0.79793358
        ],
        [
          15.1724,
          0.79808032
        ],
        [
          15.8621,
          0.79901683
        ],
        [
          16.5517,
          0.79946802
        ],
        [
          17.2414,
          0.79981116
        ],
        [
          17.931,
          0.80003174
        ],
        [
          18.6207,
          0.80032689
        ],
        [
          19.3103,
          0.80043032
        ],
        [
          20.0,
          0.80065235
        ]
      ]
    },
    "Hybrid 50:50": {
      "final_solutions": 2805,
      "wall_seconds": 11.7,
      "trace_bytes": 109451,
      "invalid_solutions": 0,
      "final_hv": 0.83925473,
      "delta_vs_pure_pls_pct": 4.8214,
      "curve": [
        [
          0.0,
          0.0
        ],
        [
          0.6897,
          0.01452791
        ],
        [
          1.3793,
          0.2694676
        ],
        [
          2.069,
          0.2992784
        ],
        [
          2.7586,
          0.2992784
        ],
        [
          3.4483,
          0.2992784
        ],
        [
          4.1379,
          0.30659829
        ],
        [
          4.8276,
          0.30659829
        ],
        [
          5.5172,
          0.30659829
        ],
        [
          6.2069,
          0.30659829
        ],
        [
          6.8966,
          0.3078284
        ],
        [
          7.5862,
          0.3078284
        ],
        [
          8.2759,
          0.3078284
        ],
        [
          8.9655,
          0.30838647
        ],
        [
          9.6552,
          0.30838647
        ],
        [
          10.3448,
          0.79672212
        ],
        [
          11.0345,
          0.81320859
        ],
        [
          11.7241,
          0.81783943
        ],
        [
          12.4138,
          0.81949404
        ],
        [
          13.1034,
          0.82615248
        ],
        [
          13.7931,
          0.82915171
        ],
        [
          14.4828,
          0.83086923
        ],
        [
          15.1724,
          0.83266973
        ],
        [
          15.8621,
          0.83315125
        ],
        [
          16.5517,
          0.83399062
        ],
        [
          17.2414,
          0.83434311
        ],
        [
          17.931,
          0.83445962
        ],
        [
          18.6207,
          0.83480178
        ],
        [
          19.3103,
          0.83836224
        ],
        [
          20.0,
          0.83925473
        ]
      ]
    },
    "Improved PLS": {
      "final_solutions": 4487,
      "wall_seconds": 26.5,
      "trace_bytes": 180977,
      "invalid_solutions": 0,
      "final_hv": 0.83862079,
      "delta_vs_pure_pls_pct": 4.7422,
      "curve": [
        [
          0.0,
          0.68276696
        ],
        [
          0.6897,
          0.80592709
        ],
        [
          1.3793,
          0.81389445
        ],
        [
          2.069,
          0.81897444
        ],
        [
          2.7586,
          0.82577324
        ],
        [
          3.4483,
          0.8297907
        ],
        [
          4.1379,
          0.82998659
        ],
        [
          4.8276,
          0.83150906
        ],
        [
          5.5172,
          0.83296665
        ],
        [
          6.2069,
          0.83392741
        ],
        [
          6.8966,
          0.83438034
        ],
        [
          7.5862,
          0.8347484
        ],
        [
          8.2759,
          0.83525991
        ],
        [
          8.9655,
          0.83546045
        ],
        [
          9.6552,
          0.83554965
        ],
        [
          10.3448,
          0.83674514
        ],
        [
          11.0345,
          0.83690589
        ],
        [
          11.7241,
          0.83693352
        ],
        [
          12.4138,
          0.83718126
        ],
        [
          13.1034,
          0.8375801
        ],
        [
          13.7931,
          0.83765211
        ],
        [
          14.4828,
          0.83785192
        ],
        [
          15.1724,
          0.83801227
        ],
        [
          15.8621,
          0.83805952
        ],
        [
          16.5517,
          0.83815963
        ],
        [
          17.2414,
          0.83821718
        ],
        [
          17.931,
          0.83844254
        ],
        [
          18.6207,
          0.83848503
        ],
        [
          19.3103,
          0.83855477
        ],
        [
          20.0,
          0.83862079
        ]
      ]
    },
    "Improved Hybrid": {
      "final_solutions": 3454,
      "wall_seconds": 12.3,
      "trace_bytes": 121508,
      "invalid_solutions": 0,
      "final_hv": 0.84907883,
      "delta_vs_pure_pls_pct": 6.0484,