{
  "instance": "lagos_nigeria_100",
  "num_images": 100,
  "timeout_s": 40,
  "objectives": [
    "min_cost",
    "cloud_coverage",
    "min_max_incidence_angle",
    "min_resolution"
  ],
  "shared_bounds": [
    [
      2161599,
      35294274
    ],
    [
      1502,
      494164
    ],
    [
      244,
      507
    ],
    [
      135099,
      229591
    ]
  ],
  "total_trace_points": 73488,
  "configs": {
    "Pure PLS": {
      "final_solutions": 5085,
      "wall_seconds": 53.6,
      "trace_bytes": 289145,
      "invalid_solutions": 0,
      "final_hv": 0.9379111,
      "delta_vs_pure_pls_pct": 0.0,
      "curve": [
        [
          0.0,
          0.75476871
        ],
        [
          1.3793,
          0.90582189
        ],
        [
          2.7586,
          0.91294084
        ],
        [
          4.1379,
          0.91840409
        ],
        [
          5.5172,
          0.91983501
        ],
        [
          6.8966,
          0.92056652
        ],
        [
          8.2759,
          0.92743659
        ],
        [
          9.6552,
          0.92781474
        ],
        [
          11.0345,
          0.93000104
        ],
        [
          12.4138,
          0.93053797
        ],
        [
          13.7931,
          0.93056154
        ],
        [
          15.1724,
          0.93077901
        ],
        [
          16.5517,
          0.93125408
        ],
        [
          17.931,
          0.93160508
        ],
        [
          19.3103,
          0.93227393
        ],
        [
          20.6897,
          0.93379166
        ],
        [
          22.069,
          0.93390856
        ],
        [
          23.4483,
          0.93394866
        ],
        [
          24.8276,
          0.93395161
        ],
        [
          26.2069,
          0.93415936
        ],
        [
          27.5862,
          0.9345434
        ],
        [
          28.9655,
          0.93456754
        ],
        [
          30.3448,
          0.93489581
        ],
        [
          31.7241,
          0.93673794
        ],
        [
          33.1034,
          0.93722522
        ],
        [
          34.4828,
          0.9375756
        ],
        [
          35.8621,
          0.93764768
        ],
        [
          37.2414,
          0.93772599
        ],
        [
          38.6207,
          0.93785069
        ],
        [
          40.0,
          0.9379111
        ]
      ]
    },
    "Hybrid 50:50": {
      "final_solutions": 4646,
      "wall_seconds": 23.6,
      "trace_bytes": 187955,
      "invalid_solutions": 0,
      "final_hv": 0.95631752,
      "delta_vs_pure_pls_pct": 1.9625,
      "curve": [
        [
          0.0,
          0.0
        ],
        [
          1.3793,
          0.0
        ],
        [
          2.7586,
          0.0
        ],
        [
          4.1379,
          0.0
        ],
        [
          5.5172,
          0.0
        ],
        [
          6.8966,
          0.03045393
        ],
        [
          8.2759,
          0.03045393
        ],
        [
          9.6552,
          0.03879947
        ],
        [
          11.0345,
          0.03879947
        ],
        [
          12.4138,
          0.03879947
        ],
        [
          13.7931,
          0.03879947
        ],
        [
          15.1724,
          0.51268323
        ],
        [
          16.5517,
          0.51268323
        ],
        [
          17.931,
          0.51268323
        ],
        [
          19.3103,
          0.51268323
        ],
        [
          20.6897,
          0.92689023
        ],
        [
          22.069,
          0.93943626
        ],
        [
          23.4483,
          0.94165277
        ],
        [
          24.8276,
          0.94323598
        ],
        [
          26.2069,
          0.9460808
        ],
        [
          27.5862,
          0.94643385
        ],
        [
          28.9655,
          0.9489603
        ],
        [
          30.3448,
          0.95286781
        ],
        [
          31.7241,
          0.95361992
        ],
        [
          33.1034,
          0.95453805
        ],
        [
          34.4828,
          0.95482136
        ],
        [
          35.8621,
          0.95553416
        ],
        [
          37.2414,
          0.95575454
        ],
        [
          38.6207,
          0.95626368
        ],
        [
          40.0,
          0.95631752
        ]
      ]
    },
    "Improved PLS": {
      "final_solutions": 7549,
      "wall_seconds": 53.0,
      "trace_bytes": 296957,
      "invalid_solutions": 0,
      "final_hv": 0.94716637,
      "delta_vs_pure_pls_pct": 0.9868,
      "curve": [
        [
          0.0,
          0.86040213
        ],
        [
          1.3793,
          0.92553935
        ],
        [
          2.7586,
          0.92704861
        ],
        [
          4.1379,
          0.93329193
        ],
        [
          5.5172,
          0.93373163
        ],
        [
          6.8966,
          0.93508717
        ],
        [
          8.2759,
          0.9356166
        ],
        [
          9.6552,
          0.9371574
        ],
        [
          11.0345,
          0.94050329
        ],
        [
          12.4138,
          0.94365995
        ],
        [
          13.7931,
          0.94465478
        ],
        [
          15.1724,
          0.94529023
        ],
        [
          16.5517,
          0.94574869
        ],
        [
          17.931,
          0.94582207
        ],
        [
          19.3103,
          0.94588361
        ],
        [
          20.6897,
          0.94600821
        ],
        [
          22.069,
          0.94606821
        ],
        [
          23.4483,
          0.94610621
        ],
        [
          24.8276,
          0.94614366
        ],
        [
          26.2069,
          0.94616188
        ],
        [
          27.5862,
          0.94690774
        ],
        [
          28.9655,
          0.94693294
        ],
        [
          30.3448,
          0.94697055
        ],
        [
          31.7241,
          0.94701298
        ],
        [
          33.1034,
          0.94701874
        ],
        [
          34.4828,
          0.94705232
        ],
        [
          35.8621,
          0.94707018
        ],
        [
          37.2414,
          0.94715036
        ],
        [
          38.6207,
          0.94715497
        ],
        [
          40.0,
          0.94716637
        ]
      ]
    },
    "Improved Hybrid": {
      "final_solutions": 6381,
      "wall_seconds": 25.3,
      "trace_bytes": 222551,
      "invalid_solutions": 0,
      "final_hv": 0.95595459,
      "delta_vs_pure_pls_pct": 1.9238,