{
  "instance": "mexico_city_100",
  "num_images": 100,
  "timeout_s": 40,
  "objectives": [
    "min_cost",
    "cloud_coverage",
    "min_max_incidence_angle",
    "min_resolution"
  ],
  "shared_bounds": [
    [
      2119859,
      10193990
    ],
    [
      0,
      315407
    ],
    [
      142,
      505
    ],
    [
      101589,
      175962
    ]
  ],
  "total_trace_points": 62654,
  "configs": {
    "Pure PLS": {
      "final_solutions": 5632,
      "wall_seconds": 49.5,
      "trace_bytes": 246119,
      "invalid_solutions": 0,
      "final_hv": 0.78423572,
      "delta_vs_pure_pls_pct": 0.0,
      "curve": [
        [
          0.0,
          0.71396986
        ],
        [
          1.3793,
          0.7544029
        ],
        [
          2.7586,
          0.75597456
        ],
        [
          4.1379,
          0.75704292
        ],
        [
          5.5172,
          0.75986929
        ],
        [
          6.8966,
          0.76051084
        ],
        [
          8.2759,
          0.76155603
        ],
        [
          9.6552,
          0.76177323
        ],
        [
          11.0345,
          0.76196345
        ],
        [
          12.4138,
          0.76336027
        ],
        [
          13.7931,
          0.76977539
        ],
        [
          15.1724,
          0.77521293
        ],
        [
          16.5517,
          0.77800159
        ],
        [
          17.931,
          0.77833141
        ],
        [
          19.3103,
          0.77860958
        ],
        [
          20.6897,
          0.77884277
        ],
        [
          22.069,
          0.77925938
        ],
        [
          23.4483,
          0.77953122
        ],
        [
          24.8276,
          0.78076693
        ],
        [
          26.2069,
          0.7827504
        ],
        [
          27.5862,
          0.78279976
        ],
        [
          28.9655,
          0.78292707
        ],
        [
          30.3448,
          0.78396932
        ],
        [
          31.7241,
          0.78400668
        ],
        [
          33.1034,
          0.78404168
        ],
        [
          34.4828,
          0.78416308
        ],
        [
          35.8621,
          0.78417604
        ],
        [
          37.2414,
          0.78418126
        ],
        [
          38.6207,
          0.78419039
        ],
        [
          40.0,
          0.78423572
        ]
      ]
    },
    "Hybrid 50:50": {
      "final_solutions": 4708,
      "wall_seconds": 23.0,
      "trace_bytes": 164524,
      "invalid_solutions": 0,
      "final_hv": 0.82071442,
      "delta_vs_pure_pls_pct": 4.6515,
      "curve": [
        [
          0.0,
          0.0
        ],
        [
          1.3793,
          0.0
        ],
        [
          2.7586,
          0.0
        ],
        [
          4.1379,
          0.0
        ],
        [
          5.5172,
          0.06801476
        ],
        [
          6.8966,
          0.06801476
        ],
        [
          8.2759,
          0.06801476
        ],
        [
          9.6552,
          0.06801476
        ],
        [
          11.0345,
          0.06801476
        ],
        [
          12.4138,
          0.06801476
        ],
        [
          13.7931,
          0.06801476
        ],
        [
          15.1724,
          0.06801476
        ],
        [
          16.5517,
          0.06801476
        ],
        [
          17.931,
          0.06801476
        ],
        [
          19.3103,
          0.06801476
        ],
        [
          20.6897,
          0.79306307
        ],
        [
          22.069,
          0.80554646
        ],
        [
          23.4483,
          0.80818555
        ],
        [
          24.8276,
          0.8096484
        ],
        [
          26.2069,
          0.81076936
        ],
        [
          27.5862,
          0.81161832
        ],
        [
          28.9655,
          0.81225606
        ],
        [
          30.3448,
          0.81271857
        ],
        [
          31.7241,
          0.81296134
        ],
        [
          33.1034,
          0.81647179
        ],
        [
          34.4828,
          0.81720622
        ],
        [
          35.8621,
          0.81956648
        ],
        [
          37.2414,
          0.82020865
        ],
        [
          38.6207,
          0.82064905
        ],
        [
          40.0,
          0.82071442
        ]
      ]
    },
    "Improved PLS": {
      "final_solutions": 6705,
      "wall_seconds": 53.1,
      "trace_bytes": 273708,
      "invalid_solutions": 0,
      "final_hv": 0.86899951,
      "delta_vs_pure_pls_pct": 10.8085,
      "curve": [
        [
          0.0,
          0.80086411
        ],
        [
          1.3793,
          0.85296644
        ],
        [
          2.7586,
          0.85482303
        ],
        [
          4.1379,
          0.85691548
        ],
        [
          5.5172,
          0.85739002
        ],
        [
          6.8966,
          0.85763103
        ],
        [
          8.2759,
          0.85830258
        ],
        [
          9.6552,
          0.85859149
        ],
        [
          11.0345,
          0.85902399
        ],
        [
          12.4138,
          0.86032906
        ],
        [
          13.7931,
          0.86323534
        ],
        [
          15.1724,
          0.86415986
        ],
        [
          16.5517,
          0.86478348
        ],
        [
          17.931,
          0.86492067
        ],
        [
          19.3103,
          0.86520906
        ],
        [
          20.6897,
          0.86555067
        ],
        [
          22.069,
          0.86576123
        ],
        [
          23.4483,
          0.86584384
        ],
        [
          24.8276,
          0.86616077
        ],
        [
          26.2069,
          0.86621197
        ],
        [
          27.5862,
          0.8662768
        ],
        [
          28.9655,
          0.86699812
        ],
        [
          30.3448,
          0.8671563
        ],
        [
          31.7241,
          0.86813054
        ],
        [
          33.1034,
          0.86820516
        ],
        [
          34.4828,
          0.8687143
        ],
        [
          35.8621,
          0.86878316
        ],
        [
          37.2414,
          0.86885072
        ],
        [
          38.6207,
          0.86888176
        ],
        [
          40.0,
          0.86899951
        ]
      ]
    },
    "Improved Hybrid": {
      "final_solutions": 4988,
      "wall_seconds": 23.5,
      "trace_bytes": 168021,
      "invalid_solutions": 0,
      "final_hv": 0.87362972,
      "delta_vs_pure_pls_pct": 11.3989,