{
  "instance": "mexico_city_30",
  "num_images": 30,
  "timeout_s": 3,
  "objectives": [
    "min_cost",
    "cloud_coverage",
    "min_max_incidence_angle",
    "min_resolution"
  ],
  "shared_bounds": [
    [
      3316243,
      8809851
    ],
    [
      7837,
      526225
    ],
    [
      188,
      289
    ],
    [
      10249,
      14225
    ]
  ],
  "total_trace_points": 5917,
  "configs": {
    "Pure PLS": {
      "final_solutions": 547,
      "wall_seconds": 3.1,
      "trace_bytes": 21560,
      "invalid_solutions": 0,
      "final_hv": 0.95251186,
      "delta_vs_pure_pls_pct": 0.0,
      "curve": [
        [
          0.0,
          0.90470252
        ],
        [
          0.1034,
          0.94150408
        ],
        [
          0.2069,
          0.94319344
        ],
        [
          0.3103,
          0.94349406
        ],
        [
          0.4138,
          0.94456991
        ],
        [
          0.5172,
          0.94643888
        ],
        [
          0.6207,
          0.94662731
        ],
        [
          0.7241,
          0.94860608
        ],
        [
          0.8276,
          0.94877733
        ],
        [
          0.931,
          0.94882339
        ],
        [
          1.0345,
          0.94953679
        ],
        [
          1.1379,
          0.94955182
        ],
        [
          1.2414,
          0.94959653
        ],
        [
          1.3448,
          0.94959738
        ],
        [
          1.4483,
          0.95006602
        ],
        [
          1.5517,
          0.95116601
        ],
        [
          1.6552,
          0.95123348
        ],
        [
          1.7586,
          0.95175723
        ],
        [
          1.8621,
          0.95207815
        ],
        [
          1.9655,
          0.95208185
        ],
        [
          2.069,
          0.95231202
        ],
        [
          2.1724,
          0.95231543
        ],
        [
          2.2759,
          0.95231549
        ],
        [
          2.3793,
          0.95231549
        ],
        [
          2.4828,
          0.9523747
        ],
        [
          2.5862,
          0.9523747
        ],
        [
          2.6896,
          0.95250521
        ],
        [
          2.7931,
          0.95250522
        ],
        [
          2.8965,
          0.95251171
        ],
        [
          3.0,
          0.95251186
        ]
      ]
    },
    "Hybrid 50:50": {
      "final_solutions": 547,
      "wall_seconds": 2.1,
      "trace_bytes": 18418,
      "invalid_solutions": 0,
      "final_hv": 0.95101477,
      "delta_vs_pure_pls_pct": -0.1572,
      "curve": [
        [
          0.0,
          0.0
        ],
        [
          0.1034,
          0.06877514
        ],
        [
          0.2069,
          0.15144992
        ],
        [
          0.3103,
          0.15144992
        ],
        [
          0.4138,
          0.20295542
        ],
        [
          0.5172,
          0.2034787
        ],
        [
          0.6207,
          0.2034787
        ],
        [
          0.7241,
          0.20366637
        ],
        [
          0.8276,
          0.20366637
        ],
        [
          0.931,
          0.20367157
        ],
        [
          1.0345,
          0.94068653
        ],
        [
          1.1379,
          0.94534003
        ],
        [
          1.2414,
          0.94550034
        ],
        [
          1.3448,
          0.94607652
        ],
        [
          1.4483,
          0.94715076
        ],
        [
          1.5517,
          0.94726806
        ],
        [
          1.6552,
          0.94903627
        ],
        [
          1.7586,
          0.94919124
        ],
        [
          1.8621,
          0.94990533
        ],
        [
          1.9655,
          0.9499433
        ],
        [
          2.069,
          0.95000137
        ],
        [
          2.1724,
          0.95002791
        ],
        [
          2.2759,
          0.95031077
        ],
        [
          2.3793,
          0.95080401
        ],
        [
          2.4828,
          0.95094502
        ],
        [
          2.5862,
          0.95096411
        ],
        [
          2.6896,
          0.95098268
        ],
        [
          2.7931,
          0.95100872
        ],
        [
          2.8965,
          0.95101464
        ],
        [
          3.0,
          0.95101477
        ]
      ]
    },
    "Improved PLS": {
      "final_solutions": 614,
      "wall_seconds": 3.1,
      "trace_bytes": 17547,
      "invalid_solutions": 0,
      "final_hv": 0.9529518,
      "delta_vs_pure_pls_pct": 0.0462,
      "curve": [
        [
          0.0,
          0.94240196
        ],
        [
          0.1034,
          0.94728348
        ],
        [
          0.2069,
          0.94759728
        ],
        [
          0.3103,
          0.94839226
        ],
        [
          0.4138,
          0.94866305
        ],
        [
          0.5172,
          0.94871446
        ],
        [
          0.6207,
          0.950149
        ],
        [
          0.7241,
          0.95027387
        ],
        [
          0.8276,
          0.95031284
        ],
        [
          0.931,
          0.95036406
        ],
        [
          1.0345,
          0.95120107
        ],
        [
          1.1379,
          0.9516289
        ],
        [
          1.2414,
          0.95179864
        ],
        [
          1.3448,
          0.95182234
        ],
        [
          1.4483,
          0.95229004
        ],
        [
          1.5517,
          0.95292076
        ],
        [
          1.6552,
          0.95292076
        ],
        [
          1.7586,
          0.95292076
        ],
        [
          1.8621,
          0.95292094
        ],
        [
          1.9655,
          0.95292094
        ],
        [
          2.069,
          0.95292094
        ],
        [
          2.1724,
          0.95295178
        ],
        [
          2.2759,
          0.95295178
        ],
        [
          2.3793,
          0.95295179
        ],
        [
          2.4828,
          0.95295179
        ],
        [
          2.5862,
          0.95295179
        ],
        [
          2.6896,
          0.95295179
        ],
        [
          2.7931,
          0.95295179
        ],
        [
          2.8965,
          0.9529518
        ],
        [
          3.0,
          0.9529518
        ]
      ]
    },
    "Improved Hybrid": {
      "final_solutions": 602,
      "wall_seconds": 2.1,
      "trace_bytes": 16850,
      "invalid_solutions": 0,
      "final_hv": 0.95214749,
      "delta_vs_pure_pls_pct": -0.0383,