{
  "instance": "mexico_city_50",
  "num_images": 50,
  "timeout_s": 20,
  "objectives": [
    "min_cost",
    "cloud_coverage",
    "min_max_incidence_angle",
    "min_resolution"
  ],
  "shared_bounds": [
    [
      2636719,
      13306157
    ],
    [
      0,
      486516
    ],
    [
      188,
      501
    ],
    [
      25281,
      39646
    ]
  ],
  "total_trace_points": 37927,
  "configs": {
    "Pure PLS": {
      "final_solutions": 2841,
      "wall_seconds": 26.6,
      "trace_bytes": 164523,
      "invalid_solutions": 0,
      "final_hv": 0.92649682,
      "delta_vs_pure_pls_pct": 0.0,
      "curve": [
        [
          0.0,
          0.85535062
        ],
        [
          0.6897,
          0.90987933
        ],
        [
          1.3793,
          0.91474233
        ],
        [
          2.069,
          0.91609867
        ],
        [
          2.7586,
          0.91725103
        ],
        [
          3.4483,
          0.92087834
        ],
        [
          4.1379,
          0.9221216
        ],
        [
          4.8276,
          0.92244663
        ],
        [
          5.5172,
          0.92270026
        ],
        [
          6.2069,
          0.92305675
        ],
        [
          6.8966,
          0.92321366
        ],
        [
          7.5862,
          0.9232443
        ],
        [
          8.2759,
          0.92328015
        ],
        [
          8.9655,
          0.9233318
        ],
        [
          9.6552,
          0.92360855
        ],
        [
          10.3448,
          0.92361809
        ],
        [
          11.0345,
          0.92395119
        ],
        [
          11.7241,
          0.92423456
        ],
        [
          12.4138,
          0.92457459
        ],
        [
          13.1034,
          0.92467775
        ],
        [
          13.7931,
          0.92483464
        ],
        [
          14.4828,
          0.92595909
        ],
        [
          15.1724,
          0.92601538
        ],
        [
          15.8621,
          0.92613663
        ],
        [
          16.5517,
          0.92615864
        ],
        [
          17.2414,
          0.92618077
        ],
        [
          17.931,
          0.92627971
        ],
        [
          18.6207,
          0.92631358
        ],
        [
          19.3103,
          0.92634389
        ],
        [
          20.0,
          0.92649682
        ]
      ]
    },
    "Hybrid 50:50": {
      "final_solutions": 2445,
      "wall_seconds": 12.0,
      "trace_bytes": 99276,
      "invalid_solutions": 0,
      "final_hv": 0.93757528,
      "delta_vs_pure_pls_pct": 1.1957,
      "curve": [
        [
          0.0,
          0.0
        ],
        [
          0.6897,
          0.00561727
        ],
        [
          1.3793,
          0.18107701
        ],
        [
          2.069,
          0.37149024
        ],
        [
          2.7586,
          0.37149024
        ],
        [
          3.4483,
          0.51071498
        ],
        [
          4.1379,
          0.52015104
        ],
        [
          4.8276,
          0.5202098
        ],
        [
          5.5172,
          0.52027735
        ],
        [
          6.2069,
          0.52094601
        ],
        [
          6.8966,
          0.52496581
        ],
        [
          7.5862,
          0.5250083
        ],
        [
          8.2759,
          0.52527028
        ],
        [
          8.9655,
          0.52771346
        ],
        [
          9.6552,
          0.52782559
        ],
        [
          10.3448,
          0.9112489
        ],
        [
          11.0345,
          0.92547839
        ],
        [
          11.7241,
          0.92885479
        ],
        [
          12.4138,
          0.92957887
        ],
        [
          13.1034,
          0.93037477
        ],
        [
          13.7931,
          0.93160014
        ],
        [
          14.4828,
          0.93244857
        ],
        [
          15.1724,
          0.93396516
        ],
        [
          15.8621,
          0.9356958
        ],
        [
          16.5517,
          0.93636574
        ],
        [
          17.2414,
          0.93686718
        ],
        [
          17.931,
          0.9370788
        ],
        [
          18.6207,
          0.93748673
        ],
        [
          19.3103,
          0.93755881
        ],
        [
          20.0,
          0.93757528
        ]
      ]
    },
    "Improved PLS": {
      "final_solutions": 2620,
      "wall_seconds": 28.1,
      "trace_bytes": 155740,
      "invalid_solutions": 0,
      "final_hv": 0.92929194,
      "delta_vs_pure_pls_pct": 0.3017,
      "curve": [
        [
          0.0,
          0.88783604
        ],
        [
          0.6897,
          0.92408499
        ],
        [
          1.3793,
          0.92500933
        ],
        [
          2.069,
          0.92577123
        ],
        [
          2.7586,
          0.92699488
        ],
        [
          3.4483,
          0.9272028
        ],
        [
          4.1379,
          0.92732156
        ],
        [
          4.8276,
          0.92758848
        ],
        [
          5.5172,
          0.92800159
        ],
        [
          6.2069,
          0.92802051
        ],
        [
          6.8966,
          0.92805618
        ],
        [
          7.5862,
          0.92845491
        ],
        [
          8.2759,
          0.92861802
        ],
        [
          8.9655,
          0.92871718
        ],
        [
          9.6552,
          0.92875274
        ],
        [
          10.3448,
          0.92877499
        ],
        [
          11.0345,
          0.92879815
        ],
        [
          11.7241,
          0.92881679
        ],
        [
          12.4138,
          0.92882767
        ],
        [
          13.1034,
          0.92891128
        ],
        [
          13.7931,
          0.92893047
        ],
        [
          14.4828,
          0.92897629
        ],
        [
          15.1724,
          0.92909807
        ],
        [
          15.8621,
          0.92913172
        ],
        [
          16.5517,
          0.92916676
        ],
        [
          17.2414,
          0.92922789
        ],
        [
          17.931,
          0.92923618
        ],
        [
          18.6207,
          0.92925627
        ],
        [
          19.3103,
          0.92926432
        ],
        [
          20.0,
          0.92929194
        ]
      ]
    },
    "Improved Hybrid": {
      "final_solutions": 2255,
      "wall_seconds": 12.4,
      "trace_bytes": 102269,
      "invalid_solutions": 0,
      "final_hv": 0.94130093,
      "delta_vs_pure_pls_pct": 1.5979,