{
  "instance": "mexico_city_150",
  "num_images": 150,
  "timeout_s": 60,
  "objectives": [
    "min_cost",
    "cloud_coverage",
    "min_max_incidence_angle",
    "min_resolution"
  ],
  "shared_bounds": [
    [
      623374,
      43484757
    ],
    [
      0,
      1098503
    ],
    [
      136,
      506
    ],
    [
      158122,
      848128
    ]
  ],
  "total_trace_points": 33575,
  "configs": {
    "Pure PLS": {
      "final_solutions": 3237,
      "wall_seconds": 64.1,
      "trace_bytes": 119716,
      "invalid_solutions": 0,
      "final_hv": 0.82014668,
      "delta_vs_pure_pls_pct": 0.0,
      "curve": [
        [
          0.0,
          0.44075528
        ],
        [
          2.069,
          0.6103589
        ],
        [
          4.1379,
          0.63886655
        ],
        [
          6.2069,
          0.64844452
        ],
        [
          8.2759,
          0.64981387
        ],
        [
          10.3448,
          0.64994859
        ],
        [
          12.4138,
          0.65021127
        ],
        [
          14.4828,
          0.73693539
        ],
        [
          16.5517,
          0.75288641
        ],
        [
          18.6207,
          0.75506974
        ],
        [
          20.6897,
          0.75508815
        ],
        [
          22.7586,
          0.75559502
        ],
        [
          24.8276,
          0.75564242
        ],
        [
          26.8965,
          0.75565514
        ],
        [
          28.9655,
          0.79707108
        ],
        [
          31.0345,
          0.79710568
        ],
        [
          33.1034,
          0.7977246
        ],
        [
          35.1724,
          0.80562278
        ],
        [
          37.2414,
          0.80572246
        ],
        [
          39.3103,
          0.80580538
        ],
        [
          41.3793,
          0.808682
        ],
        [
          43.4483,
          0.80881942
        ],
        [
          45.5172,
          0.80883729
        ],
        [
          47.5862,
          0.80886696
        ],
        [
          49.6552,
          0.81047779
        ],
        [
          51.7241,
          0.82006973
        ],
        [
          53.7931,
          0.82007888
        ],
        [
          55.8621,
          0.82010842
        ],
        [
          57.931,
          0.82013334
        ],
        [
          60.0,
          0.82014668
        ]
      ]
    },
    "Hybrid 50:50": {
      "final_solutions": 2354,
      "wall_seconds": 31.1,
      "trace_bytes": 81987,
      "invalid_solutions": 0,
      "final_hv": 0.92698476,
      "delta_vs_pure_pls_pct": 13.0267,
      "curve": [
        [
          0.0,
          0.0
        ],
        [
          2.069,
          0.0
        ],
        [
          4.1379,
          0.0
        ],
        [
          6.2069,
          0.0
        ],
        [
          8.2759,
          0.0
        ],
        [
          10.3448,
          0.0
        ],
        [
          12.4138,
          0.0
        ],
        [
          14.4828,
          0.0
        ],
        [
          16.5517,
          0.0
        ],
        [
          18.6207,
          0.0
        ],
        [
          20.6897,
          0.0
        ],
        [
          22.7586,
          0.0
        ],
        [
          24.8276,
          0.0
        ],
        [
          26.8965,
          0.0
        ],
        [
          28.9655,
          0.0
        ],
        [
          31.0345,
          0.912276
        ],
        [
          33.1034,
          0.91345272
        ],
        [
          35.1724,
          0.91461529
        ],
        [
          37.2414,
          0.91751286
        ],
        [
          39.3103,
          0.91990056
        ],
        [
          41.3793,
          0.92025058
        ],
        [
          43.4483,
          0.92067439
        ],
        [
          45.5172,
          0.92083203
        ],
        [
          47.5862,
          0.9213163
        ],
        [
          49.6552,
          0.92134777
        ],
        [
          51.7241,
          0.92151074
        ],
        [
          53.7931,
          0.92184211
        ],
        [
          55.8621,
          0.92666899
        ],
        [
          57.931,
          0.92696822
        ],
        [
          60.0,
          0.92698476
        ]
      ]
    },
    "Improved PLS": {
      "final_solutions": 3677,
      "wall_seconds": 65.4,
      "trace_bytes": 159217,
      "invalid_solutions": 0,
      "final_hv": 0.84037181,
      "delta_vs_pure_pls_pct": 2.466,
      "curve": [
        [
          0.0,
          0.76679295
        ],
        [
          2.069,
          0.81208147
        ],
        [
          4.1379,
          0.81805429
        ],
        [
          6.2069,
          0.82429894
        ],
        [
          8.2759,
          0.82514592
        ],
        [
          10.3448,
          0.82554467
        ],
        [
          12.4138,
          0.82567831
        ],
        [
          14.4828,
          0.82576315
        ],
        [
          16.5517,
          0.82579374
        ],
        [
          18.6207,
          0.82602942
        ],
        [
          20.6897,
          0.82604274
        ],
        [
          22.7586,
          0.82711963
        ],
        [
          24.8276,
          0.82774961
        ],
        [
          26.8965,
          0.82799499
        ],
        [
          28.9655,
          0.82923866
        ],
        [
          31.0345,
          0.82924824
        ],
        [
          33.1034,
          0.82932369
        ],
        [
          35.1724,
          0.83576843
        ],
        [
          37.2414,
          0.83806194
        ],
        [
          39.3103,
          0.83807924
        ],
        [
          41.3793,
          0.83820015
        ],
        [
          43.4483,
          0.83827674
        ],
        [
          45.5172,
          0.83840032
        ],
        [
          47.5862,
          0.83842571
        ],
        [
          49.6552,
          0.84023953
        ],
        [
          51.7241,
          0.84025599
        ],
        [
          53.7931,
          0.84029373
        ],
        [
          55.8621,
          0.84034058
        ],
        [
          57.931,
          0.84035496
        ],
        [
          60.0,
          0.84037181
        ]
      ]
    },
    "Improved Hybrid": {
      "final_solutions": 2829,
      "wall_seconds": 31.4,
      "trace_bytes": 94549,
      "invalid_solutions": 0,
      "final_hv": 0.92784138,
      "delta_vs_pure_pls_pct": 13.1312,