{
  "instance": "paris_150",
  "num_images": 150,
  "timeout_s": 60,
  "objectives": [
    "min_cost",
    "cloud_coverage",
    "min_max_incidence_angle",
    "min_resolution"
  ],
  "shared_bounds": [
    [
      2849739,
      56298628
    ],
    [
      0,
      1533396
    ],
    [
      148,
      475
    ],
    [
      332031,
      516600
    ]
  ],
  "total_trace_points": 90783,
  "configs": {
    "Pure PLS": {
      "final_solutions": 6158,
      "wall_seconds": 70.6,
      "trace_bytes": 328231,
      "invalid_solutions": 0,
      "final_hv": 0.79774035,
      "delta_vs_pure_pls_pct": 0.0,
      "curve": [
        [
          0.0,
          0.72979839
        ],
        [
          2.069,
          0.76290809
        ],
        [
          4.1379,
          0.76526647
        ],
        [
          6.2069,
          0.76534748
        ],
        [
          8.2759,
          0.77019929
        ],
        [
          10.3448,
          0.77112446
        ],
        [
          12.4138,
          0.77138705
        ],
        [
          14.4828,
          0.77189762
        ],
        [
          16.5517,
          0.7719553
        ],
        [
          18.6207,
          0.77213001
        ],
        [
          20.6897,
          0.7722655
        ],
        [
          22.7586,
          0.77229448
        ],
        [
          24.8276,
          0.77236139
        ],
        [
          26.8965,
          0.77237132
        ],
        [
          28.9655,
          0.77454565
        ],
        [
          31.0345,
          0.79503831
        ],
        [
          33.1034,
          0.79542319
        ],
        [
          35.1724,
          0.79699559
        ],
        [
          37.2414,
          0.79708378
        ],
        [
          39.3103,
          0.79721304
        ],
        [
          41.3793,
          0.79724034
        ],
        [
          43.4483,
          0.79725343
        ],
        [
          45.5172,
          0.79745387
        ],
        [
          47.5862,
          0.79748404
        ],
        [
          49.6552,
          0.79753575
        ],
        [
          51.7241,
          0.79757757
        ],
        [
          53.7931,
          0.79759382
        ],
        [
          55.8621,
          0.79771406
        ],
        [
          57.931,
          0.79773224
        ],
        [
          60.0,
          0.79774035
        ]
      ]
    },
    "Hybrid 50:50": {
      "final_solutions": 6475,
      "wall_seconds": 33.3,
      "trace_bytes": 251199,
      "invalid_solutions": 0,
      "final_hv": 0.94341321,
      "delta_vs_pure_pls_pct": 18.2607,
      "curve": [
        [
          0.0,
          0.0
        ],
        [
          2.069,
          0.0
        ],
        [
          4.1379,
          0.0
        ],
        [
          6.2069,
          0.0
        ],
        [
          8.2759,
          0.0
        ],
        [
          10.3448,
          0.0
        ],
        [
          12.4138,
          0.21186498
        ],
        [
          14.4828,
          0.21186498
        ],
        [
          16.5517,
          0.21186498
        ],
        [
          18.6207,
          0.21186498
        ],
        [
          20.6897,
          0.21186498
        ],
        [
          22.7586,
          0.21186498
        ],
        [
          24.8276,
          0.21186498
        ],
        [
          26.8965,
          0.21186498
        ],
        [
          28.9655,
          0.21186498
        ],
        [
          31.0345,
          0.91864269
        ],
        [
          33.1034,
          0.92867228
        ],
        [
          35.1724,
          0.93118225
        ],
        [
          37.2414,
          0.9325953
        ],
        [
          39.3103,
          0.93267596
        ],
        [
          41.3793,
          0.93356393
        ],
        [
          43.4483,
          0.93362159
        ],
        [
          45.5172,
          0.9341219
        ],
        [
          47.5862,
          0.93689584
        ],
        [
          49.6552,
          0.94089046
        ],
        [
          51.7241,
          0.94165032
        ],
        [
          53.7931,
          0.94224624
        ],
        [
          55.8621,
          0.94269184
        ],
        [
          57.931,
          0.94277977
        ],
        [
          60.0,
          0.94341321
        ]
      ]
    },
    "Improved PLS": {
      "final_solutions": 8301,
      "wall_seconds": 73.2,
      "trace_bytes": 412560,
      "invalid_solutions": 0,
      "final_hv": 0.93404519,
      "delta_vs_pure_pls_pct": 17.0864,
      "curve": [
        [
          0.0,
          0.84066347
        ],
        [
          2.069,
          0.91363576
        ],
        [
          4.1379,
          0.91662918
        ],
        [
          6.2069,
          0.91995386
        ],
        [
          8.2759,
          0.92340338
        ],
        [
          10.3448,
          0.92464865
        ],
        [
          12.4138,
          0.92512248
        ],
        [
          14.4828,
          0.92534001
        ],
        [
          16.5517,
          0.92566563
        ],
        [
          18.6207,
          0.92618769
        ],
        [
          20.6897,
          0.9263054
        ],
        [
          22.7586,
          0.9264371
        ],
        [
          24.8276,
          0.92647413
        ],
        [
          26.8965,
          0.92650531
        ],
        [
          28.9655,
          0.93030424
        ],
        [
          31.0345,
          0.93226925
        ],
        [
          33.1034,
          0.93248891
        ],
        [
          35.1724,
          0.93296722
        ],
        [
          37.2414,
          0.93314256
        ],
        [
          39.3103,
          0.93345809
        ],
        [
          41.3793,
          0.93376984
        ],
        [
          43.4483,
          0.93380592
        ],
        [
          45.5172,
          0.9338674
        ],
        [
          47.5862,
          0.93389215
        ],
        [
          49.6552,
          0.93392385
        ],
        [
          51.7241,
          0.93400802
        ],
        [
          53.7931,
          0.93401476
        ],
        [
          55.8621,
          0.93402877
        ],
        [
          57.931,
          0.93403458
        ],
        [
          60.0,
          0.93404519
        ]
      ]
    },
    "Improved Hybrid": {
      "final_solutions": 7603,
      "wall_seconds": 35.1,
      "trace_bytes": 292948,
      "invalid_solutions": 0,
      "final_hv": 0.94397526,
      "delta_vs_pure_pls_pct": 18.3311,