{
  "instance": "paris_30",
  "num_images": 30,
  "timeout_s": 3,
  "objectives": [
    "min_cost",
    "cloud_coverage",
    "min_max_incidence_angle",
    "min_resolution"
  ],
  "shared_bounds": [
    [
      2669539,
      7057320
    ],
    [
      8,
      21841
    ],
    [
      288,
      400
    ],
    [
      15753,
      24550
    ]
  ],
  "total_trace_points": 705,
  "configs": {
    "Pure PLS": {
      "final_solutions": 60,
      "wall_seconds": 3.0,
      "trace_bytes": 4018,
      "invalid_solutions": 0,
      "final_hv": 0.82944485,
      "delta_vs_pure_pls_pct": 0.0,
      "curve": [
        [
          0.0,
          0.72541872
        ],
        [
          0.1034,
          0.81809282
        ],
        [
          0.2069,
          0.82156259
        ],
        [
          0.3103,
          0.82709571
        ],
        [
          0.4138,
          0.82898235
        ],
        [
          0.5172,
          0.82944485
        ],
        [
          0.6207,
          0.82944485
        ],
        [
          0.7241,
          0.82944485
        ],
        [
          0.8276,
          0.82944485
        ],
        [
          0.931,
          0.82944485
        ],
        [
          1.0345,
          0.82944485
        ],
        [
          1.1379,
          0.82944485
        ],
        [
          1.2414,
          0.82944485
        ],
        [
          1.3448,
          0.82944485
        ],
        [
          1.4483,
          0.82944485
        ],
        [
          1.5517,
          0.82944485
        ],
        [
          1.6552,
          0.82944485
        ],
        [
          1.7586,
          0.82944485
        ],
        [
          1.8621,
          0.82944485
        ],
        [
          1.9655,
          0.82944485
        ],
        [
          2.069,
          0.82944485
        ],
        [
          2.1724,
          0.82944485
        ],
        [
          2.2759,
          0.82944485
        ],
        [
          2.3793,
          0.82944485
        ],
        [
          2.4828,
          0.82944485
        ],
        [
          2.5862,
          0.82944485
        ],
        [
          2.6896,
          0.82944485
        ],
        [
          2.7931,
          0.82944485
        ],
        [
          2.8965,
          0.82944485
        ],
        [
          3.0,
          0.82944485
        ]
      ]
    },
    "Hybrid 50:50": {
      "final_solutions": 84,
      "wall_seconds": 2.1,
      "trace_bytes": 3159,
      "invalid_solutions": 0,
      "final_hv": 0.83410779,
      "delta_vs_pure_pls_pct": 0.5622,
      "curve": [
        [
          0.0,
          0.0
        ],
        [
          0.1034,
          0.49675771
        ],
        [
          0.2069,
          0.73440728
        ],
        [
          0.3103,
          0.73440728
        ],
        [
          0.4138,
          0.73440728
        ],
        [
          0.5172,
          0.73440728
        ],
        [
          0.6207,
          0.73440728
        ],
        [
          0.7241,
          0.73440728
        ],
        [
          0.8276,
          0.73440728
        ],
        [
          0.931,
          0.73440728
        ],
        [
          1.0345,
          0.82081005
        ],
        [
          1.1379,
          0.83226428
        ],
        [
          1.2414,
          0.83385159
        ],
        [
          1.3448,
          0.83408971
        ],
        [
          1.4483,
          0.83410779
        ],
        [
          1.5517,
          0.83410779
        ],
        [
          1.6552,
          0.83410779
        ],
        [
          1.7586,
          0.83410779
        ],
        [
          1.8621,
          0.83410779
        ],
        [
          1.9655,
          0.83410779
        ],
        [
          2.069,
          0.83410779
        ],
        [
          2.1724,
          0.83410779
        ],
        [
          2.2759,
          0.83410779
        ],
        [
          2.3793,
          0.83410779
        ],
        [
          2.4828,
          0.83410779
        ],
        [
          2.5862,
          0.83410779
        ],
        [
          2.6896,
          0.83410779
        ],
        [
          2.7931,
          0.83410779
        ],
        [
          2.8965,
          0.83410779
        ],
        [
          3.0,
          0.83410779
        ]
      ]
    },
    "Improved PLS": {
      "final_solutions": 56,
      "wall_seconds": 3.0,
      "trace_bytes": 2073,
      "invalid_solutions": 0,
      "final_hv": 0.82941421,
      "delta_vs_pure_pls_pct": -0.0037,
      "curve": [
        [
          0.0,
          0.82812486
        ],
        [
          0.1034,
          0.82936951
        ],
        [
          0.2069,
          0.82941419
        ],
        [
          0.3103,
          0.82941419
        ],
        [
          0.4138,
          0.82941419
        ],
        [
          0.5172,
          0.82941421
        ],
        [
          0.6207,
          0.82941421
        ],
        [
          0.7241,
          0.82941421
        ],
        [
          0.8276,
          0.82941421
        ],
        [
          0.931,
          0.82941421
        ],
        [
          1.0345,
          0.82941421
        ],
        [
          1.1379,
          0.82941421
        ],
        [
          1.2414,
          0.82941421
        ],
        [
          1.3448,
          0.82941421
        ],
        [
          1.4483,
          0.82941421
        ],
        [
          1.5517,
          0.82941421
        ],
        [
          1.6552,
          0.82941421
        ],
        [
          1.7586,
          0.82941421
        ],
        [
          1.8621,
          0.82941421
        ],
        [
          1.9655,
          0.82941421
        ],
        [
          2.069,
          0.82941421
        ],
        [
          2.1724,
          0.82941421
        ],
        [
          2.2759,
          0.82941421
        ],
        [
          2.3793,
          0.82941421
        ],
        [
          2.4828,
          0.82941421
        ],
        [
          2.5862,
          0.82941421
        ],
        [
          2.6896,
          0.82941421
        ],
        [
          2.7931,
          0.82941421
        ],
        [
          2.8965,
          0.82941421
        ],
        [
          3.0,
          0.82941421
        ]
      ]
    },
    "Improved Hybrid": {
      "final_solutions": 91,
      "wall_seconds": 2.1,
      "trace_bytes": 3252,
      "invalid_solutions": 0,
      "final_hv": 0.83512625,
      "delta_vs_pure_pls_pct": 0.685,