{
  "instance": "paris_50",
  "num_images": 50,
  "timeout_s": 20,
  "objectives": [
    "min_cost",
    "cloud_coverage",
    "min_max_incidence_angle",
    "min_resolution"
  ],
  "shared_bounds": [
    [
      3509805,
      21262698
    ],
    [
      5321,
      782830
    ],
    [
      191,
      466
    ],
    [
      30218,
      43284
    ]
  ],
  "total_trace_points": 45085,
  "configs": {
    "Pure PLS": {
      "final_solutions": 3982,
      "wall_seconds": 26.0,
      "trace_bytes": 191599,
      "invalid_solutions": 0,
      "final_hv": 0.85728526,
      "delta_vs_pure_pls_pct": 0.0,
      "curve": [
        [
          0.0,
          0.5936925
        ],
        [
          0.6897,
          0.81439796
        ],
        [
          1.3793,
          0.81814593
        ],
        [
          2.069,
          0.82251282
        ],
        [
          2.7586,
          0.83160605
        ],
        [
          3.4483,
          0.83699293
        ],
        [
          4.1379,
          0.83849896
        ],
        [
          4.8276,
          0.83904627
        ],
        [
          5.5172,
          0.84046943
        ],
        [
          6.2069,
          0.84556496
        ],
        [
          6.8966,
          0.84969464
        ],
        [
          7.5862,
          0.85177857
        ],
        [
          8.2759,
          0.85224628
        ],
        [
          8.9655,
          0.85252921
        ],
        [
          9.6552,
          0.85282922
        ],
        [
          10.3448,
          0.85363071
        ],
        [
          11.0345,
          0.85409238
        ],
        [
          11.7241,
          0.85411605
        ],
        [
          12.4138,
          0.85414557
        ],
        [
          13.1034,
          0.8549756
        ],
        [
          13.7931,
          0.85592933
        ],
        [
          14.4828,
          0.85628698
        ],
        [
          15.1724,
          0.85644306
        ],
        [
          15.8621,
          0.85664297
        ],
        [
          16.5517,
          0.85681626
        ],
        [
          17.2414,
          0.85690457
        ],
        [
          17.931,
          0.8570748
        ],
        [
          18.6207,
          0.8571576
        ],
        [
          19.3103,
          0.85726904
        ],
        [
          20.0,
          0.85728526
        ]
      ]
    },
    "Hybrid 50:50": {
      "final_solutions": 2866,
      "wall_seconds": 12.4,
      "trace_bytes": 141109,
      "invalid_solutions": 0,
      "final_hv": 0.86379679,
      "delta_vs_pure_pls_pct": 0.7596,
      "curve": [
        [
          0.0,
          0.0
        ],
        [
          0.6897,
          0.39708285
        ],
        [
          1.3793,
          0.42065083
        ],
        [
          2.069,
          0.42065083
        ],
        [
          2.7586,
          0.42065083
        ],
        [
          3.4483,
          0.42065083
        ],
        [
          4.1379,
          0.42070582
        ],
        [
          4.8276,
          0.42073882
        ],
        [
          5.5172,
          0.42073882
        ],
        [
          6.2069,
          0.42074205
        ],
        [
          6.8966,
          0.42074205
        ],
        [
          7.5862,
          0.42074205
        ],
        [
          8.2759,
          0.4530768
        ],
        [
          8.9655,
          0.4530768
        ],
        [
          9.6552,
          0.45352276
        ],
        [
          10.3448,
          0.81667517
        ],
        [
          11.0345,
          0.8363807
        ],
        [
          11.7241,
          0.84158609
        ],
        [
          12.4138,
          0.84372549
        ],
        [
          13.1034,
          0.84889142
        ],
        [
          13.7931,
          0.85171265
        ],
        [
          14.4828,
          0.8536211
        ],
        [
          15.1724,
          0.85554737
        ],
        [
          15.8621,
          0.85596165
        ],
        [
          16.5517,
          0.85654691
        ],
        [
          17.2414,
          0.8570719
        ],
        [
          17.931,
          0.85722013
        ],
        [
          18.6207,
          0.8593927
        ],
        [
          19.3103,
          0.86285397
        ],
        [
          20.0,
          0.86379679
        ]
      ]
    },
    "Improved PLS": {
      "final_solutions": 4129,
      "wall_seconds": 26.8,
      "trace_bytes": 194347,
      "invalid_solutions": 0,
      "final_hv": 0.85834496,
      "delta_vs_pure_pls_pct": 0.1236,
      "curve": [
        [
          0.0,
          0.63589119
        ],
        [
          0.6897,
          0.81516171
        ],
        [
          1.3793,
          0.82191119
        ],
        [
          2.069,
          0.82962041
        ],
        [
          2.7586,
          0.83785294
        ],
        [
          3.4483,
          0.83992738
        ],
        [
          4.1379,
          0.84090196
        ],
        [
          4.8276,
          0.84137594
        ],
        [
          5.5172,
          0.84208667
        ],
        [
          6.2069,
          0.84914454
        ],
        [
          6.8966,
          0.85026222
        ],
        [
          7.5862,
          0.8508322
        ],
        [
          8.2759,
          0.85162543
        ],
        [
          8.9655,
          0.85218723
        ],
        [
          9.6552,
          0.8534276
        ],
        [
          10.3448,
          0.85384992
        ],
        [
          11.0345,
          0.85406046
        ],
        [
          11.7241,
          0.85520224
        ],
        [
          12.4138,
          0.85570096
        ],
        [
          13.1034,
          0.85620287
        ],
        [
          13.7931,
          0.85640267
        ],
        [
          14.4828,
          0.85702525
        ],
        [
          15.1724,
          0.85755213
        ],
        [
          15.8621,
          0.85768857
        ],
        [
          16.5517,
          0.85773449
        ],
        [
          17.2414,
          0.85776632
        ],
        [
          17.931,
          0.85780348
        ],
        [
          18.6207,
          0.8578927
        ],
        [
          19.3103,
          0.85822145
        ],
        [
          20.0,
          0.85834496
        ]
      ]
    },
    "Improved Hybrid": {
      "final_solutions": 3001,
      "wall_seconds": 12.8,
      "trace_bytes": 140508,
      "invalid_solutions": 0,
      "final_hv": 0.86396814,
      "delta_vs_pure_pls_pct": 0.7795,