{
  "instance": "paris_100",
  "num_images": 100,
  "timeout_s": 40,
  "objectives": [
    "min_cost",
    "cloud_coverage",
    "min_max_incidence_angle",
    "min_resolution"
  ],
  "shared_bounds": [
    [
      2718879,
      37333511
    ],
    [
      0,
      1758597
    ],
    [
      173,
      523
    ],
    [
      137137,
      233952
    ]
  ],
  "total_trace_points": 85238,
  "configs": {
    "Pure PLS": {
      "final_solutions": 4851,
      "wall_seconds": 45.5,
      "trace_bytes": 252320,
      "invalid_solutions": 0,
      "final_hv": 0.75211703,
      "delta_vs_pure_pls_pct": 0.0,
      "curve": [
        [
          0.0,
          0.61033652
        ],
        [
          1.3793,
          0.7227481
        ],
        [
          2.7586,
          0.72745951
        ],
        [
          4.1379,
          0.72907968
        ],
        [
          5.5172,
          0.72993049
        ],
        [
          6.8966,
          0.73287096
        ],
        [
          8.2759,
          0.7354743
        ],
        [
          9.6552,
          0.73701444
        ],
        [
          11.0345,
          0.7375635
        ],
        [
          12.4138,
          0.74191158
        ],
        [
          13.7931,
          0.74224129
        ],
        [
          15.1724,
          0.74345621
        ],
        [
          16.5517,
          0.743596
        ],
        [
          17.931,
          0.74392996
        ],
        [
          19.3103,
          0.74423254
        ],
        [
          20.6897,
          0.74448783
        ],
        [
          22.069,
          0.74460573
        ],
        [
          23.4483,
          0.74469358
        ],
        [
          24.8276,
          0.74474254
        ],
        [
          26.2069,
          0.74474875
        ],
        [
          27.5862,
          0.74697156
        ],
        [
          28.9655,
          0.74809044
        ],
        [
          30.3448,
          0.74925219
        ],
        [
          31.7241,
          0.74996943
        ],
        [
          33.1034,
          0.7504531
        ],
        [
          34.4828,
          0.75097453
        ],
        [
          35.8621,
          0.75105382
        ],
        [
          37.2414,
          0.75150114
        ],
        [
          38.6207,
          0.75193475
        ],
        [
          40.0,
          0.75211703
        ]
      ]
    },
    "Hybrid 50:50": {
      "final_solutions": 6281,
      "wall_seconds": 24.1,
      "trace_bytes": 236743,
      "invalid_solutions": 0,
      "final_hv": 0.87361292,
      "delta_vs_pure_pls_pct": 16.1539,
      "curve": [
        [
          0.0,
          0.0
        ],
        [
          1.3793,
          0.0
        ],
        [
          2.7586,
          0.0
        ],
        [
          4.1379,
          0.0
        ],
        [
          5.5172,
          0.0
        ],
        [
          6.8966,
          0.01156675
        ],
        [
          8.2759,
          0.01156675
        ],
        [
          9.6552,
          0.01156675
        ],
        [
          11.0345,
          0.01985663
        ],
        [
          12.4138,
          0.01985663
        ],
        [
          13.7931,
          0.01985663
        ],
        [
          15.1724,
          0.01985663
        ],
        [
          16.5517,
          0.01985663
        ],
        [
          17.931,
          0.49651224
        ],
        [
          19.3103,
          0.49651224
        ],
        [
          20.6897,
          0.83089013
        ],
        [
          22.069,
          0.83969498
        ],
        [
          23.4483,
          0.84709756
        ],
        [
          24.8276,
          0.84751073
        ],
        [
          26.2069,
          0.84840265
        ],
        [
          27.5862,
          0.84856439
        ],
        [
          28.9655,
          0.84898757
        ],
        [
          30.3448,
          0.84903631
        ],
        [
          31.7241,
          0.86776141
        ],
        [
          33.1034,
          0.86969403
        ],
        [
          34.4828,
          0.86982293
        ],
        [
          35.8621,
          0.87067149
        ],
        [
          37.2414,
          0.8726862
        ],
        [
          38.6207,
          0.87322764
        ],
        [
          40.0,
          0.87361292
        ]
      ]
    },
    "Improved PLS": {
      "final_solutions": 9950,
      "wall_seconds": 56.7,
      "trace_bytes": 454889,
      "invalid_solutions": 0,
      "final_hv": 0.92584638,
      "delta_vs_pure_pls_pct": 23.0987,
      "curve": [
        [
          0.0,
          0.73899063
        ],
        [
          1.3793,
          0.87191016
        ],
        [
          2.7586,
          0.88949806
        ],
        [
          4.1379,
          0.9020275
        ],
        [
          5.5172,
          0.90379058
        ],
        [
          6.8966,
          0.90436085
        ],
        [
          8.2759,
          0.9045323
        ],
        [
          9.6552,
          0.90506836
        ],
        [
          11.0345,
          0.91426173
        ],
        [
          12.4138,
          0.91553831
        ],
        [
          13.7931,
          0.91610814
        ],
        [
          15.1724,
          0.91629847
        ],
        [
          16.5517,
          0.91654076
        ],
        [
          17.931,
          0.9167168
        ],
        [
          19.3103,
          0.91679042
        ],
        [
          20.6897,
          0.91738495
        ],
        [
          22.069,
          0.91752032
        ],
        [
          23.4483,
          0.9178158
        ],
        [
          24.8276,
          0.91813169
        ],
        [
          26.2069,
          0.92076755
        ],
        [
          27.5862,
          0.92317473
        ],
        [
          28.9655,
          0.92357803
        ],
        [
          30.3448,
          0.92371343
        ],
        [
          31.7241,
          0.92415204
        ],
        [
          33.1034,
          0.92429267
        ],
        [
          34.4828,
          0.9255624
        ],
        [
          35.8621,
          0.92563028
        ],
        [
          37.2414,
          0.925702
        ],
        [
          38.6207,
          0.92574491
        ],
        [
          40.0,
          0.92584638
        ]
      ]
    },
    "Improved Hybrid": {
      "final_solutions": 7213,
      "wall_seconds": 25.0,
      "trace_bytes": 265740,
      "invalid_solutions": 0,
      "final_hv": 0.92852334,
      "delta_vs_pure_pls_pct": 23.4546,