{
  "instance": "rio_de_janeiro_50",
  "num_images": 50,
  "timeout_s": 20,
  "objectives": [
    "min_cost",
    "cloud_coverage",
    "min_max_incidence_angle",
    "min_resolution"
  ],
  "shared_bounds": [
    [
      3131779,
      11239038
    ],
    [
      315,
      559011
    ],
    [
      187,
      345
    ],
    [
      38291,
      56891
    ]
  ],
  "total_trace_points": 19788,
  "configs": {
    "Pure PLS": {
      "final_solutions": 920,
      "wall_seconds": 21.6,
      "trace_bytes": 87424,
      "invalid_solutions": 0,
      "final_hv": 0.65504608,
      "delta_vs_pure_pls_pct": 0.0,
      "curve": [
        [
          0.0,
          0.32689292
        ],
        [
          0.6897,
          0.47205472
        ],
        [
          1.3793,
          0.5322335
        ],
        [
          2.069,
          0.55328546
        ],
        [
          2.7586,
          0.55372772
        ],
        [
          3.4483,
          0.55428479
        ],
        [
          4.1379,
          0.6194146
        ],
        [
          4.8276,
          0.62543631
        ],
        [
          5.5172,
          0.62613589
        ],
        [
          6.2069,
          0.62693838
        ],
        [
          6.8966,
          0.62739714
        ],
        [
          7.5862,
          0.6278027
        ],
        [
          8.2759,
          0.63590526
        ],
        [
          8.9655,
          0.63598144
        ],
        [
          9.6552,
          0.63609307
        ],
        [
          10.3448,
          0.64655913
        ],
        [
          11.0345,
          0.64657962
        ],
        [
          11.7241,
          0.64675189
        ],
        [
          12.4138,
          0.6467573
        ],
        [
          13.1034,
          0.64677043
        ],
        [
          13.7931,
          0.64677394
        ],
        [
          14.4828,
          0.64679518
        ],
        [
          15.1724,
          0.64681254
        ],
        [
          15.8621,
          0.6468133
        ],
        [
          16.5517,
          0.65047555
        ],
        [
          17.2414,
          0.65069409
        ],
        [
          17.931,
          0.65178649
        ],
        [
          18.6207,
          0.65195446
        ],
        [
          19.3103,
          0.65215323
        ],
        [
          20.0,
          0.65504608
        ]
      ]
    },
    "Hybrid 50:50": {
      "final_solutions": 986,
      "wall_seconds": 10.6,
      "trace_bytes": 65469,
      "invalid_solutions": 0,
      "final_hv": 0.65396329,
      "delta_vs_pure_pls_pct": -0.1653,
      "curve": [
        [
          0.0,
          0.0
        ],
        [
          0.6897,
          0.40678772
        ],
        [
          1.3793,
          0.41045038
        ],
        [
          2.069,
          0.45207823
        ],
        [
          2.7586,
          0.45543201
        ],
        [
          3.4483,
          0.45543201
        ],
        [
          4.1379,
          0.45564053
        ],
        [
          4.8276,
          0.45564053
        ],
        [
          5.5172,
          0.45573615
        ],
        [
          6.2069,
          0.45573615
        ],
        [
          6.8966,
          0.45578658
        ],
        [
          7.5862,
          0.45578658
        ],
        [
          8.2759,
          0.45579029
        ],
        [
          8.9655,
          0.45629798
        ],
        [
          9.6552,
          0.45629798
        ],
        [
          10.3448,
          0.58131583
        ],
        [
          11.0345,
          0.61506995
        ],
        [
          11.7241,
          0.61936508
        ],
        [
          12.4138,
          0.62770375
        ],
        [
          13.1034,
          0.6282794
        ],
        [
          13.7931,
          0.62839744
        ],
        [
          14.4828,
          0.6284645
        ],
        [
          15.1724,
          0.65104041
        ],
        [
          15.8621,
          0.65259496
        ],
        [
          16.5517,
          0.65280416
        ],
        [
          17.2414,
          0.65341125
        ],
        [
          17.931,
          0.65352001
        ],
        [
          18.6207,
          0.65360693
        ],
        [
          19.3103,
          0.65366663
        ],
        [
          20.0,
          0.65396329
        ]
      ]
    },
    "Improved PLS": {
      "final_solutions": 1708,
      "wall_seconds": 20.4,
      "trace_bytes": 47430,
      "invalid_solutions": 0,
      "final_hv": 0.65734815,
      "delta_vs_pure_pls_pct": 0.3514,
      "curve": [
        [
          0.0,
          0.65643489
        ],
        [
          0.6897,
          0.65647064
        ],
        [
          1.3793,
          0.65647132
        ],
        [
          2.069,
          0.65647175
        ],
        [
          2.7586,
          0.65647214
        ],
        [
          3.4483,
          0.65647214
        ],
        [
          4.1379,
          0.65650266
        ],
        [
          4.8276,
          0.65650754
        ],
        [
          5.5172,
          0.65650908
        ],
        [
          6.2069,
          0.6565119
        ],
        [
          6.8966,
          0.65651331
        ],
        [
          7.5862,
          0.65653046
        ],
        [
          8.2759,
          0.65654174
        ],
        [
          8.9655,
          0.65654752
        ],
        [
          9.6552,
          0.65656225
        ],
        [
          10.3448,
          0.65658373
        ],
        [
          11.0345,
          0.65659785
        ],
        [
          11.7241,
          0.65659786
        ],
        [
          12.4138,
          0.65709895
        ],
        [
          13.1034,
          0.65712084
        ],
        [
          13.7931,
          0.65715535
        ],
        [
          14.4828,
          0.65718522
        ],
        [
          15.1724,
          0.65719534
        ],
        [
          15.8621,
          0.65725041
        ],
        [
          16.5517,
          0.65725121
        ],
        [
          17.2414,
          0.65726602
        ],
        [
          17.931,
          0.65729239
        ],
        [
          18.6207,
          0.65729326
        ],
        [
          19.3103,
          0.65733444
        ],
        [
          20.0,
          0.65734815
        ]
      ]
    },
    "Improved Hybrid": {
      "final_solutions": 1883,
      "wall_seconds": 10.4,
      "trace_bytes": 46138,
      "invalid_solutions": 0,
      "final_hv": 0.66528014,
      "delta_vs_pure_pls_pct": 1.5623,