{
  "instance": "rio_de_janeiro_100",
  "num_images": 100,
  "timeout_s": 40,
  "objectives": [
    "min_cost",
    "cloud_coverage",
    "min_max_incidence_angle",
    "min_resolution"
  ],
  "shared_bounds": [
    [
      2546859,
      42876235
    ],
    [
      214,
      364368
    ],
    [
      287,
      469
    ],
    [
      178471,
      269817
    ]
  ],
  "total_trace_points": 75961,
  "configs": {
    "Pure PLS": {
      "final_solutions": 5270,
      "wall_seconds": 53.1,
      "trace_bytes": 327080,
      "invalid_solutions": 0,
      "final_hv": 0.95505027,
      "delta_vs_pure_pls_pct": 0.0,
      "curve": [
        [
          0.0,
          0.81121167
        ],
        [
          1.3793,
          0.93543669
        ],
        [
          2.7586,
          0.95041897
        ],
        [
          4.1379,
          0.95062563
        ],
        [
          5.5172,
          0.95073966
        ],
        [
          6.8966,
          0.95196079
        ],
        [
          8.2759,
          0.95258057
        ],
        [
          9.6552,
          0.95265115
        ],
        [
          11.0345,
          0.95296862
        ],
        [
          12.4138,
          0.95299839
        ],
        [
          13.7931,
          0.95300722
        ],
        [
          15.1724,
          0.95301857
        ],
        [
          16.5517,
          0.95326826
        ],
        [
          17.931,
          0.9538046
        ],
        [
          19.3103,
          0.95391905
        ],
        [
          20.6897,
          0.95397091
        ],
        [
          22.069,
          0.95397383
        ],
        [
          23.4483,
          0.95397894
        ],
        [
          24.8276,
          0.95398166
        ],
        [
          26.2069,
          0.95398718
        ],
        [
          27.5862,
          0.95399427
        ],
        [
          28.9655,
          0.95399565
        ],
        [
          30.3448,
          0.95407226
        ],
        [
          31.7241,
          0.95487473
        ],
        [
          33.1034,
          0.95497491
        ],
        [
          34.4828,
          0.95500976
        ],
        [
          35.8621,
          0.95502292
        ],
        [
          37.2414,
          0.95502867
        ],
        [
          38.6207,
          0.95504833
        ],
        [
          40.0,
          0.95505027
        ]
      ]
    },
    "Hybrid 50:50": {
      "final_solutions": 3366,
      "wall_seconds": 22.9,
      "trace_bytes": 181598,
      "invalid_solutions": 0,
      "final_hv": 0.97411054,
      "delta_vs_pure_pls_pct": 1.9957,
      "curve": [
        [
          0.0,
          0.0
        ],
        [
          1.3793,
          0.0
        ],
        [
          2.7586,
          0.0
        ],
        [
          4.1379,
          0.0
        ],
        [
          5.5172,
          0.0
        ],
        [
          6.8966,
          0.0
        ],
        [
          8.2759,
          0.03283062
        ],
        [
          9.6552,
          0.03283062
        ],
        [
          11.0345,
          0.03283062
        ],
        [
          12.4138,
          0.03283062
        ],
        [
          13.7931,
          0.03283062
        ],
        [
          15.1724,
          0.03283062
        ],
        [
          16.5517,
          0.03283062
        ],
        [
          17.931,
          0.04146886
        ],
        [
          19.3103,
          0.04146886
        ],
        [
          20.6897,
          0.97021144
        ],
        [
          22.069,
          0.97094981
        ],
        [
          23.4483,
          0.97124601
        ],
        [
          24.8276,
          0.97316572
        ],
        [
          26.2069,
          0.97354551
        ],
        [
          27.5862,
          0.97369761
        ],
        [
          28.9655,
          0.9737353
        ],
        [
          30.3448,
          0.97375907
        ],
        [
          31.7241,
          0.97376885
        ],
        [
          33.1034,
          0.97381714
        ],
        [
          34.4828,
          0.97391678
        ],
        [
          35.8621,
          0.97393354
        ],
        [
          37.2414,
          0.97406145
        ],
        [
          38.6207,
          0.97410051
        ],
        [
          40.0,
          0.97411054
        ]
      ]
    },
    "Improved PLS": {
      "final_solutions": 3988,
      "wall_seconds": 53.5,
      "trace_bytes": 314825,
      "invalid_solutions": 0,
      "final_hv": 0.95881882,
      "delta_vs_pure_pls_pct": 0.3946,
      "curve": [
        [
          0.0,
          0.86560732
        ],
        [
          1.3793,
          0.95234064
        ],
        [
          2.7586,
          0.95446388
        ],
        [
          4.1379,
          0.95472054
        ],
        [
          5.5172,
          0.95522107
        ],
        [
          6.8966,
          0.95528346
        ],
        [
          8.2759,
          0.9555524
        ],
        [
          9.6552,
          0.9560377
        ],
        [
          11.0345,
          0.95613983
        ],
        [
          12.4138,
          0.9571583
        ],
        [
          13.7931,
          0.95755788
        ],
        [
          15.1724,
          0.95758374
        ],
        [
          16.5517,
          0.95759693
        ],
        [
          17.931,
          0.95762023
        ],
        [
          19.3103,
          0.95762311
        ],
        [
          20.6897,
          0.95766419
        ],
        [
          22.069,
          0.95784014
        ],
        [
          23.4483,
          0.95806973
        ],
        [
          24.8276,
          0.95810164
        ],
        [
          26.2069,
          0.95812443
        ],
        [
          27.5862,
          0.95813219
        ],
        [
          28.9655,
          0.95813894
        ],
        [
          30.3448,
          0.95814266
        ],
        [
          31.7241,
          0.95824685
        ],
        [
          33.1034,
          0.9582481
        ],
        [
          34.4828,
          0.9582486
        ],
        [
          35.8621,
          0.95863986
        ],
        [
          37.2414,
          0.9586989
        ],
        [
          38.6207,
          0.95879997
        ],
        [
          40.0,
          0.95881882
        ]
      ]
    },
    "Improved Hybrid": {
      "final_solutions": 4050,
      "wall_seconds": 23.8,
      "trace_bytes": 196220,
      "invalid_solutions": 0,
      "final_hv": 0.97414831,
      "delta_vs_pure_pls_pct": 1.9997,