{
  "instance": "rio_de_janeiro_150",
  "num_images": 150,
  "timeout_s": 60,
  "objectives": [
    "min_cost",
    "cloud_coverage",
    "min_max_incidence_angle",
    "min_resolution"
  ],
  "shared_bounds": [
    [
      2086329,
      16226124
    ],
    [
      42,
      1191580
    ],
    [
      144,
      483
    ],
    [
      386657,
      669680
    ]
  ],
  "total_trace_points": 59955,
  "configs": {
    "Pure PLS": {
      "final_solutions": 3240,
      "wall_seconds": 67.9,
      "trace_bytes": 232912,
      "invalid_solutions": 0,
      "final_hv": 0.53313427,
      "delta_vs_pure_pls_pct": 0.0,
      "curve": [
        [
          0.0,
          0.47878883
        ],
        [
          2.069,
          0.50776921
        ],
        [
          4.1379,
          0.51160413
        ],
        [
          6.2069,
          0.51362111
        ],
        [
          8.2759,
          0.51369519
        ],
        [
          10.3448,
          0.51374993
        ],
        [
          12.4138,
          0.51396313
        ],
        [
          14.4828,
          0.519698
        ],
        [
          16.5517,
          0.52060324
        ],
        [
          18.6207,
          0.52069626
        ],
        [
          20.6897,
          0.52075237
        ],
        [
          22.7586,
          0.52081787
        ],
        [
          24.8276,
          0.52115293
        ],
        [
          26.8965,
          0.5211923
        ],
        [
          28.9655,
          0.53011761
        ],
        [
          31.0345,
          0.53034705
        ],
        [
          33.1034,
          0.53058189
        ],
        [
          35.1724,
          0.53069778
        ],
        [
          37.2414,
          0.53087773
        ],
        [
          39.3103,
          0.53181638
        ],
        [
          41.3793,
          0.53183703
        ],
        [
          43.4483,
          0.53195368
        ],
        [
          45.5172,
          0.53195752
        ],
        [
          47.5862,
          0.53196583
        ],
        [
          49.6552,
          0.53198461
        ],
        [
          51.7241,
          0.5325479
        ],
        [
          53.7931,
          0.53276908
        ],
        [
          55.8621,
          0.53306303
        ],
        [
          57.931,
          0.53306875
        ],
        [
          60.0,
          0.53313427
        ]
      ]
    },
    "Hybrid 50:50": {
      "final_solutions": 5466,
      "wall_seconds": 32.5,
      "trace_bytes": 197036,
      "invalid_solutions": 0,
      "final_hv": 0.82924991,
      "delta_vs_pure_pls_pct": 55.5424,
      "curve": [
        [
          0.0,
          0.0
        ],
        [
          2.069,
          0.0
        ],
        [
          4.1379,
          0.0
        ],
        [
          6.2069,
          0.0
        ],
        [
          8.2759,
          0.0
        ],
        [
          10.3448,
          0.0
        ],
        [
          12.4138,
          0.0
        ],
        [
          14.4828,
          0.0
        ],
        [
          16.5517,
          0.0
        ],
        [
          18.6207,
          0.0
        ],
        [
          20.6897,
          0.0
        ],
        [
          22.7586,
          0.0
        ],
        [
          24.8276,
          0.0520832
        ],
        [
          26.8965,
          0.0520832
        ],
        [
          28.9655,
          0.0520832
        ],
        [
          31.0345,
          0.75009236
        ],
        [
          33.1034,
          0.78896048
        ],
        [
          35.1724,
          0.79261699
        ],
        [
          37.2414,
          0.79468664
        ],
        [
          39.3103,
          0.79525732
        ],
        [
          41.3793,
          0.79548881
        ],
        [
          43.4483,
          0.79577533
        ],
        [
          45.5172,
          0.79779495
        ],
        [
          47.5862,
          0.8221227
        ],
        [
          49.6552,
          0.82546181
        ],
        [
          51.7241,
          0.82583636
        ],
        [
          53.7931,
          0.82674002
        ],
        [
          55.8621,
          0.82892703
        ],
        [
          57.931,
          0.82903478
        ],
        [
          60.0,
          0.82924991
        ]
      ]
    },
    "Improved PLS": {
      "final_solutions": 4528,
      "wall_seconds": 64.2,
      "trace_bytes": 204932,
      "invalid_solutions": 0,
      "final_hv": 0.79100286,
      "delta_vs_pure_pls_pct": 48.3684,
      "curve": [
        [
          0.0,
          0.62897034
        ],
        [
          2.069,
          0.74306839
        ],
        [
          4.1379,
          0.75955903
        ],
        [
          6.2069,
          0.76500255
        ],
        [
          8.2759,
          0.77148545
        ],
        [
          10.3448,
          0.77437284
        ],
        [
          12.4138,
          0.77835537
        ],
        [
          14.4828,
          0.77859307
        ],
        [
          16.5517,
          0.77875605
        ],
        [
          18.6207,
          0.77884544
        ],
        [
          20.6897,
          0.77885137
        ],
        [
          22.7586,
          0.77889266
        ],
        [
          24.8276,
          0.7838722
        ],
        [
          26.8965,
          0.78612463
        ],
        [
          28.9655,
          0.78631823
        ],
        [
          31.0345,
          0.7864515
        ],
        [
          33.1034,
          0.78650368
        ],
        [
          35.1724,
          0.78657138
        ],
        [
          37.2414,
          0.78661228
        ],
        [
          39.3103,
          0.78665224
        ],
        [
          41.3793,
          0.78665904
        ],
        [
          43.4483,
          0.78672364
        ],
        [
          45.5172,
          0.78673158
        ],
        [
          47.5862,
          0.78674953
        ],
        [
          49.6552,
          0.78675726
        ],
        [
          51.7241,
          0.79067314
        ],
        [
          53.7931,
          0.79083624
        ],
        [
          55.8621,
          0.79097291
        ],
        [
          57.931,
          0.79099478
        ],
        [
          60.0,
          0.79100286
        ]
      ]
    },
    "Improved Hybrid": {
      "final_solutions": 4546,
      "wall_seconds": 32.8,
      "trace_bytes": 176347,
      "invalid_solutions": 0,
      "final_hv": 0.84130034,
      "delta_vs_pure_pls_pct": 57.8027,