{
  "instance": "rio_de_janeiro_30",
  "num_images": 30,
  "timeout_s": 3,
  "objectives": [
    "min_cost",
    "cloud_coverage",
    "min_max_incidence_angle",
    "min_resolution"
  ],
  "shared_bounds": [
    [
      2228859,
      8269706
    ],
    [
      2633,
      564335
    ],
    [
      177,
      328
    ],
    [
      11914,
      18114
    ]
  ],
  "total_trace_points": 11819,
  "configs": {
    "Pure PLS": {
      "final_solutions": 904,
      "wall_seconds": 3.2,
      "trace_bytes": 44097,
      "invalid_solutions": 0,
      "final_hv": 0.81043692,
      "delta_vs_pure_pls_pct": 0.0,
      "curve": [
        [
          0.0,
          0.68546466
        ],
        [
          0.1034,
          0.77268599
        ],
        [
          0.2069,
          0.7777098
        ],
        [
          0.3103,
          0.78361182
        ],
        [
          0.4138,
          0.78821107
        ],
        [
          0.5172,
          0.78920941
        ],
        [
          0.6207,
          0.78980991
        ],
        [
          0.7241,
          0.78994538
        ],
        [
          0.8276,
          0.79027143
        ],
        [
          0.931,
          0.79031466
        ],
        [
          1.0345,
          0.79193582
        ],
        [
          1.1379,
          0.79904082
        ],
        [
          1.2414,
          0.80135626
        ],
        [
          1.3448,
          0.80387472
        ],
        [
          1.4483,
          0.80486661
        ],
        [
          1.5517,
          0.8058977
        ],
        [
          1.6552,
          0.80714283
        ],
        [
          1.7586,
          0.8073752
        ],
        [
          1.8621,
          0.80768333
        ],
        [
          1.9655,
          0.80862384
        ],
        [
          2.069,
          0.8089631
        ],
        [
          2.1724,
          0.80899732
        ],
        [
          2.2759,
          0.80906115
        ],
        [
          2.3793,
          0.80906792
        ],
        [
          2.4828,
          0.80939236
        ],
        [
          2.5862,
          0.8094407
        ],
        [
          2.6896,
          0.81010864
        ],
        [
          2.7931,
          0.81024073
        ],
        [
          2.8965,
          0.81028653
        ],
        [
          3.0,
          0.81043692
        ]
      ]
    },
    "Hybrid 50:50": {
      "final_solutions": 889,
      "wall_seconds": 2.1,
      "trace_bytes": 35655,
      "invalid_solutions": 0,
      "final_hv": 0.80994545,
      "delta_vs_pure_pls_pct": -0.0606,
      "curve": [
        [
          0.0,
          0.0
        ],
        [
          0.1034,
          0.03543738
        ],
        [
          0.2069,
          0.42499232
        ],
        [
          0.3103,
          0.46566276
        ],
        [
          0.4138,
          0.47139465
        ],
        [
          0.5172,
          0.47192383
        ],
        [
          0.6207,
          0.47192383
        ],
        [
          0.7241,
          0.53091118
        ],
        [
          0.8276,
          0.53091118
        ],
        [
          0.931,
          0.57472806
        ],
        [
          1.0345,
          0.76304784
        ],
        [
          1.1379,
          0.79301696
        ],
        [
          1.2414,
          0.79422078
        ],
        [
          1.3448,
          0.79547288
        ],
        [
          1.4483,
          0.79655586
        ],
        [
          1.5517,
          0.79693146
        ],
        [
          1.6552,
          0.79721141
        ],
        [
          1.7586,
          0.79748169
        ],
        [
          1.8621,
          0.79766055
        ],
        [
          1.9655,
          0.79788217
        ],
        [
          2.069,
          0.80355745
        ],
        [
          2.1724,
          0.80469485
        ],
        [
          2.2759,
          0.80546836
        ],
        [
          2.3793,
          0.80583933
        ],
        [
          2.4828,
          0.80601514
        ],
        [
          2.5862,
          0.80720343
        ],
        [
          2.6896,
          0.80878063
        ],
        [
          2.7931,
          0.80945525
        ],
        [
          2.8965,
          0.80976486
        ],
        [
          3.0,
          0.80994545
        ]
      ]
    },
    "Improved PLS": {
      "final_solutions": 1258,
      "wall_seconds": 3.2,
      "trace_bytes": 31518,
      "invalid_solutions": 0,
      "final_hv": 0.81280195,
      "delta_vs_pure_pls_pct": 0.2918,
      "curve": [
        [
          0.0,
          0.81162277
        ],
        [
          0.1034,
          0.81181138
        ],
        [
          0.2069,
          0.8119161
        ],
        [
          0.3103,
          0.81195095
        ],
        [
          0.4138,
          0.81200039
        ],
        [
          0.5172,
          0.81203114
        ],
        [
          0.6207,
          0.81204195
        ],
        [
          0.7241,
          0.812339
        ],
        [
          0.8276,
          0.81239755
        ],
        [
          0.931,
          0.81241881
        ],
        [
          1.0345,
          0.81242987
        ],
        [
          1.1379,
          0.81266538
        ],
        [
          1.2414,
          0.81267178
        ],
        [
          1.3448,
          0.81275387
        ],
        [
          1.4483,
          0.81277458
        ],
        [
          1.5517,
          0.81279046
        ],
        [
          1.6552,
          0.81280163
        ],
        [
          1.7586,
          0.81280163
        ],
        [
          1.8621,
          0.81280189
        ],
        [
          1.9655,
          0.81280189
        ],
        [
          2.069,
          0.81280189
        ],
        [
          2.1724,
          0.81280189
        ],
        [
          2.2759,
          0.81280189
        ],
        [
          2.3793,
          0.81280195
        ],
        [
          2.4828,
          0.81280195
        ],
        [
          2.5862,
          0.81280195
        ],
        [
          2.6896,
          0.81280195
        ],
        [
          2.7931,
          0.81280195
        ],
        [
          2.8965,
          0.81280195
        ],
        [
          3.0,
          0.81280195
        ]
      ]
    },
    "Improved Hybrid": {
      "final_solutions": 1259,
      "wall_seconds": 2.2,
      "trace_bytes": 29169,
      "invalid_solutions": 0,
      "final_hv": 0.81280221,
      "delta_vs_pure_pls_pct": 0.2919,