{
  "instance": "tokyo_bay_100",
  "num_images": 100,
  "timeout_s": 40,
  "objectives": [
    "min_cost",
    "cloud_coverage",
    "min_max_incidence_angle",
    "min_resolution"
  ],
  "shared_bounds": [
    [
      2194209,
      29985882
    ],
    [
      0,
      1112719
    ],
    [
      192,
      513
    ],
    [
      99026,
      170388
    ]
  ],
  "total_trace_points": 86491,
  "configs": {
    "Pure PLS": {
      "final_solutions": 6750,
      "wall_seconds": 63.8,
      "trace_bytes": 437551,
      "invalid_solutions": 0,
      "final_hv": 0.91919655,
      "delta_vs_pure_pls_pct": 0.0,
      "curve": [
        [
          0.0,
          0.64500233
        ],
        [
          1.3793,
          0.68226555
        ],
        [
          2.7586,
          0.69065948
        ],
        [
          4.1379,
          0.69086422
        ],
        [
          5.5172,
          0.78362012
        ],
        [
          6.8966,
          0.7841586
        ],
        [
          8.2759,
          0.78564032
        ],
        [
          9.6552,
          0.8622295
        ],
        [
          11.0345,
          0.86237585
        ],
        [
          12.4138,
          0.86688728
        ],
        [
          13.7931,
          0.90680659
        ],
        [
          15.1724,
          0.90711726
        ],
        [
          16.5517,
          0.90739628
        ],
        [
          17.931,
          0.90741491
        ],
        [
          19.3103,
          0.90750261
        ],
        [
          20.6897,
          0.90826677
        ],
        [
          22.069,
          0.90832629
        ],
        [
          23.4483,
          0.91335329
        ],
        [
          24.8276,
          0.91434803
        ],
        [
          26.2069,
          0.91449109
        ],
        [
          27.5862,
          0.91543448
        ],
        [
          28.9655,
          0.91549441
        ],
        [
          30.3448,
          0.91571154
        ],
        [
          31.7241,
          0.91572103
        ],
        [
          33.1034,
          0.91575913
        ],
        [
          34.4828,
          0.91580218
        ],
        [
          35.8621,
          0.91581238
        ],
        [
          37.2414,
          0.91599014
        ],
        [
          38.6207,
          0.91849852
        ],
        [
          40.0,
          0.91919655
        ]
      ]
    },
    "Hybrid 50:50": {
      "final_solutions": 4739,
      "wall_seconds": 24.9,
      "trace_bytes": 229410,
      "invalid_solutions": 0,
      "final_hv": 0.92002389,
      "delta_vs_pure_pls_pct": 0.09,
      "curve": [
        [
          0.0,
          0.0
        ],
        [
          1.3793,
          0.0
        ],
        [
          2.7586,
          0.0
        ],
        [
          4.1379,
          0.06669653
        ],
        [
          5.5172,
          0.06669653
        ],
        [
          6.8966,
          0.12861289
        ],
        [
          8.2759,
          0.12861289
        ],
        [
          9.6552,
          0.12861289
        ],
        [
          11.0345,
          0.6668306
        ],
        [
          12.4138,
          0.6668306
        ],
        [
          13.7931,
          0.6668306
        ],
        [
          15.1724,
          0.6668306
        ],
        [
          16.5517,
          0.67982689
        ],
        [
          17.931,
          0.67982689
        ],
        [
          19.3103,
          0.67982689
        ],
        [
          20.6897,
          0.849224
        ],
        [
          22.069,
          0.85054541
        ],
        [
          23.4483,
          0.85574246
        ],
        [
          24.8276,
          0.85641443
        ],
        [
          26.2069,
          0.85653775
        ],
        [
          27.5862,
          0.85672007
        ],
        [
          28.9655,
          0.8840174
        ],
        [
          30.3448,
          0.88473089
        ],
        [
          31.7241,
          0.88476648
        ],
        [
          33.1034,
          0.88478532
        ],
        [
          34.4828,
          0.8847975
        ],
        [
          35.8621,
          0.9061073
        ],
        [
          37.2414,
          0.91692467
        ],
        [
          38.6207,
          0.91924457
        ],
        [
          40.0,
          0.92002389
        ]
      ]
    },
    "Improved PLS": {
      "final_solutions": 6987,
      "wall_seconds": 53.3,
      "trace_bytes": 344930,
      "invalid_solutions": 0,
      "final_hv": 0.92189956,
      "delta_vs_pure_pls_pct": 0.2941,
      "curve": [
        [
          0.0,
          0.8782968
        ],
        [
          1.3793,
          0.90326017
        ],
        [
          2.7586,
          0.90880222
        ],
        [
          4.1379,
          0.90989426
        ],
        [
          5.5172,
          0.91545037
        ],
        [
          6.8966,
          0.91566678
        ],
        [
          8.2759,
          0.91581395
        ],
        [
          9.6552,
          0.91596361
        ],
        [
          11.0345,
          0.91782662
        ],
        [
          12.4138,
          0.91837945
        ],
        [
          13.7931,
          0.91884217
        ],
        [
          15.1724,
          0.91899514
        ],
        [
          16.5517,
          0.91900584
        ],
        [
          17.931,
          0.91962413
        ],
        [
          19.3103,
          0.91999722
        ],
        [
          20.6897,
          0.92023891
        ],
        [
          22.069,
          0.920318
        ],
        [
          23.4483,
          0.92034372
        ],
        [
          24.8276,
          0.92034942
        ],
        [
          26.2069,
          0.9204485
        ],
        [
          27.5862,
          0.92085796
        ],
        [
          28.9655,
          0.92120132
        ],
        [
          30.3448,
          0.9212289
        ],
        [
          31.7241,
          0.92128126
        ],
        [
          33.1034,
          0.92134947
        ],
        [
          34.4828,
          0.92136856
        ],
        [
          35.8621,
          0.9213742
        ],
        [
          37.2414,
          0.92139496
        ],
        [
          38.6207,
          0.92169038
        ],
        [
          40.0,
          0.92189956
        ]
      ]
    },
    "Improved Hybrid": {
      "final_solutions": 4974,
      "wall_seconds": 23.3,
      "trace_bytes": 189708,
      "invalid_solutions": 0,
      "final_hv": 0.92295399,
      "delta_vs_pure_pls_pct": 0.4088,