{
  "instance": "tokyo_bay_150",
  "num_images": 150,
  "timeout_s": 60,
  "objectives": [
    "min_cost",
    "cloud_coverage",
    "min_max_incidence_angle",
    "min_resolution"
  ],
  "shared_bounds": [
    [
      2735509,
      54296970
    ],
    [
      0,
      2607301
    ],
    [
      178,
      514
    ],
    [
      242405,
      413945
    ]
  ],
  "total_trace_points": 53251,
  "configs": {
    "Pure PLS": {
      "final_solutions": 3765,
      "wall_seconds": 73.2,
      "trace_bytes": 311977,
      "invalid_solutions": 0,
      "final_hv": 0.74283601,
      "delta_vs_pure_pls_pct": 0.0,
      "curve": [
        [
          0.0,
          0.6226317
        ],
        [
          2.069,
          0.72247561
        ],
        [
          4.1379,
          0.72446174
        ],
        [
          6.2069,
          0.73746024
        ],
        [
          8.2759,
          0.7380124
        ],
        [
          10.3448,
          0.73884418
        ],
        [
          12.4138,
          0.73941783
        ],
        [
          14.4828,
          0.73987433
        ],
        [
          16.5517,
          0.74020612
        ],
        [
          18.6207,
          0.74072918
        ],
        [
          20.6897,
          0.74082081
        ],
        [
          22.7586,
          0.74090148
        ],
        [
          24.8276,
          0.74091133
        ],
        [
          26.8965,
          0.74096365
        ],
        [
          28.9655,
          0.74150562
        ],
        [
          31.0345,
          0.74179169
        ],
        [
          33.1034,
          0.74180319
        ],
        [
          35.1724,
          0.74196245
        ],
        [
          37.2414,
          0.74197635
        ],
        [
          39.3103,
          0.74198609
        ],
        [
          41.3793,
          0.7419903
        ],
        [
          43.4483,
          0.74200154
        ],
        [
          45.5172,
          0.74200192
        ],
        [
          47.5862,
          0.74221113
        ],
        [
          49.6552,
          0.74230771
        ],
        [
          51.7241,
          0.74272079
        ],
        [
          53.7931,
          0.74273941
        ],
        [
          55.8621,
          0.74276664
        ],
        [
          57.931,
          0.74283497
        ],
        [
          60.0,
          0.74283601
        ]
      ]
    },
    "Hybrid 50:50": {
      "final_solutions": 3248,
      "wall_seconds": 31.1,
      "trace_bytes": 121203,
      "invalid_solutions": 0,
      "final_hv": 0.97188345,
      "delta_vs_pure_pls_pct": 30.8342,
      "curve": [
        [
          0.0,
          0.0
        ],
        [
          2.069,
          0.0
        ],
        [
          4.1379,
          0.0
        ],
        [
          6.2069,
          0.0
        ],
        [
          8.2759,
          0.0
        ],
        [
          10.3448,
          0.00669293
        ],
        [
          12.4138,
          0.00669293
        ],
        [
          14.4828,
          0.00669293
        ],
        [
          16.5517,
          0.00669293
        ],
        [
          18.6207,
          0.00669293
        ],
        [
          20.6897,
          0.00669293
        ],
        [
          22.7586,
          0.00669293
        ],
        [
          24.8276,
          0.00669293
        ],
        [
          26.8965,
          0.00669293
        ],
        [
          28.9655,
          0.00669293
        ],
        [
          31.0345,
          0.95280893
        ],
        [
          33.1034,
          0.95456606
        ],
        [
          35.1724,
          0.95489152
        ],
        [
          37.2414,
          0.95601798
        ],
        [
          39.3103,
          0.9563572
        ],
        [
          41.3793,
          0.95917821
        ],
        [
          43.4483,
          0.96204213
        ],
        [
          45.5172,
          0.96230376
        ],
        [
          47.5862,
          0.96233541
        ],
        [
          49.6552,
          0.96234639
        ],
        [
          51.7241,
          0.96235555
        ],
        [
          53.7931,
          0.96236516
        ],
        [
          55.8621,
          0.96239455
        ],
        [
          57.931,
          0.97170128
        ],
        [
          60.0,
          0.97188345
        ]
      ]
    },
    "Improved PLS": {
      "final_solutions": 4104,
      "wall_seconds": 64.8,
      "trace_bytes": 170387,
      "invalid_solutions": 0,
      "final_hv": 0.96839897,
      "delta_vs_pure_pls_pct": 30.3651,
      "curve": [
        [
          0.0,
          0.94599306
        ],
        [
          2.069,
          0.9648847
        ],
        [
          4.1379,
          0.96630169
        ],
        [
          6.2069,
          0.96650792
        ],
        [
          8.2759,
          0.96659979
        ],
        [
          10.3448,
          0.96674033
        ],
        [
          12.4138,
          0.9674882
        ],
        [
          14.4828,
          0.96758508
        ],
        [
          16.5517,
          0.96763576
        ],
        [
          18.6207,
          0.96775686
        ],
        [
          20.6897,
          0.96799339
        ],
        [
          22.7586,
          0.9680114
        ],
        [
          24.8276,
          0.96801372
        ],
        [
          26.8965,
          0.96802369
        ],
        [
          28.9655,
          0.96814193
        ],
        [
          31.0345,
          0.96815211
        ],
        [
          33.1034,
          0.96826304
        ],
        [
          35.1724,
          0.96832067
        ],
        [
          37.2414,
          0.96833215
        ],
        [
          39.3103,
          0.9683327
        ],
        [
          41.3793,
          0.96833935
        ],
        [
          43.4483,
          0.96835864
        ],
        [
          45.5172,
          0.96836717
        ],
        [
          47.5862,
          0.9683686
        ],
        [
          49.6552,
          0.96837174
        ],
        [
          51.7241,
          0.96837189
        ],
        [
          53.7931,
          0.96837706
        ],
        [
          55.8621,
          0.96837811
        ],
        [
          57.931,
          0.9683987
        ],
        [
          60.0,
          0.96839897
        ]
      ]
    },
    "Improved Hybrid": {
      "final_solutions": 3329,
      "wall_seconds": 31.4,
      "trace_bytes": 128184,
      "invalid_solutions": 0,
      "final_hv": 0.97806032,
      "delta_vs_pure_pls_pct": 31.6657,