{
  "instance": "tokyo_bay_30",
  "num_images": 30,
  "timeout_s": 3,
  "objectives": [
    "min_cost",
    "cloud_coverage",
    "min_max_incidence_angle",
    "min_resolution"
  ],
  "shared_bounds": [
    [
      3517465,
      11120442
    ],
    [
      147584,
      736191
    ],
    [
      246,
      385
    ],
    [
      9304,
      10906
    ]
  ],
  "total_trace_points": 8548,
  "configs": {
    "Pure PLS": {
      "final_solutions": 750,
      "wall_seconds": 3.1,
      "trace_bytes": 30172,
      "invalid_solutions": 0,
      "final_hv": 0.74100595,
      "delta_vs_pure_pls_pct": 0.0,
      "curve": [
        [
          0.0,
          0.47000532
        ],
        [
          0.1034,
          0.69143141
        ],
        [
          0.2069,
          0.70080559
        ],
        [
          0.3103,
          0.71914156
        ],
        [
          0.4138,
          0.72338174
        ],
        [
          0.5172,
          0.72515847
        ],
        [
          0.6207,
          0.73235832
        ],
        [
          0.7241,
          0.73323721
        ],
        [
          0.8276,
          0.73339883
        ],
        [
          0.931,
          0.7338747
        ],
        [
          1.0345,
          0.73413874
        ],
        [
          1.1379,
          0.73717008
        ],
        [
          1.2414,
          0.73816887
        ],
        [
          1.3448,
          0.73931064
        ],
        [
          1.4483,
          0.73974137
        ],
        [
          1.5517,
          0.73985507
        ],
        [
          1.6552,
          0.7400681
        ],
        [
          1.7586,
          0.74095659
        ],
        [
          1.8621,
          0.74097071
        ],
        [
          1.9655,
          0.74097073
        ],
        [
          2.069,
          0.74097073
        ],
        [
          2.1724,
          0.74097133
        ],
        [
          2.2759,
          0.74097896
        ],
        [
          2.3793,
          0.74097896
        ],
        [
          2.4828,
          0.74097896
        ],
        [
          2.5862,
          0.74097896
        ],
        [
          2.6896,
          0.74097896
        ],
        [
          2.7931,
          0.74100595
        ],
        [
          2.8965,
          0.74100595
        ],
        [
          3.0,
          0.74100595
        ]
      ]
    },
    "Hybrid 50:50": {
      "final_solutions": 768,
      "wall_seconds": 2.1,
      "trace_bytes": 27134,
      "invalid_solutions": 0,
      "final_hv": 0.74119214,
      "delta_vs_pure_pls_pct": 0.0251,
      "curve": [
        [
          0.0,
          0.0
        ],
        [
          0.1034,
          0.21199691
        ],
        [
          0.2069,
          0.24959437
        ],
        [
          0.3103,
          0.24961688
        ],
        [
          0.4138,
          0.2499205
        ],
        [
          0.5172,
          0.24994631
        ],
        [
          0.6207,
          0.24995964
        ],
        [
          0.7241,
          0.24995964
        ],
        [
          0.8276,
          0.24995964
        ],
        [
          0.931,
          0.24995964
        ],
        [
          1.0345,
          0.69380768
        ],
        [
          1.1379,
          0.72523055
        ],
        [
          1.2414,
          0.73126579
        ],
        [
          1.3448,
          0.73633832
        ],
        [
          1.4483,
          0.73679407
        ],
        [
          1.5517,
          0.73844108
        ],
        [
          1.6552,
          0.73902194
        ],
        [
          1.7586,
          0.73909649
        ],
        [
          1.8621,
          0.73916352
        ],
        [
          1.9655,
          0.73918791
        ],
        [
          2.069,
          0.73955213
        ],
        [
          2.1724,
          0.73980573
        ],
        [
          2.2759,
          0.74027482
        ],
        [
          2.3793,
          0.74087446
        ],
        [
          2.4828,
          0.74100162
        ],
        [
          2.5862,
          0.74100856
        ],
        [
          2.6896,
          0.74111784
        ],
        [
          2.7931,
          0.74111845
        ],
        [
          2.8965,
          0.74111987
        ],
        [
          3.0,
          0.74119214
        ]
      ]
    },
    "Improved PLS": {
      "final_solutions": 768,
      "wall_seconds": 3.1,
      "trace_bytes": 25284,
      "invalid_solutions": 0,
      "final_hv": 0.74129898,
      "delta_vs_pure_pls_pct": 0.0395,
      "curve": [
        [
          0.0,
          0.71713734
        ],
        [
          0.1034,
          0.72757199
        ],
        [
          0.2069,
          0.73114479
        ],
        [
          0.3103,
          0.73490663
        ],
        [
          0.4138,
          0.73580717
        ],
        [
          0.5172,
          0.73798772
        ],
        [
          0.6207,
          0.73847744
        ],
        [
          0.7241,
          0.73890265
        ],
        [
          0.8276,
          0.73917136
        ],
        [
          0.931,
          0.73981882
        ],
        [
          1.0345,
          0.74037614
        ],
        [
          1.1379,
          0.74115813
        ],
        [
          1.2414,
          0.74115816
        ],
        [
          1.3448,
          0.74115816
        ],
        [
          1.4483,
          0.74123404
        ],
        [
          1.5517,
          0.74123404
        ],
        [
          1.6552,
          0.74123404
        ],
        [
          1.7586,
          0.74123404
        ],
        [
          1.8621,
          0.74123404
        ],
        [
          1.9655,
          0.74123404
        ],
        [
          2.069,
          0.74123404
        ],
        [
          2.1724,
          0.74123404
        ],
        [
          2.2759,
          0.74123404
        ],
        [
          2.3793,
          0.74123406
        ],
        [
          2.4828,
          0.74123406
        ],
        [
          2.5862,
          0.74129898
        ],
        [
          2.6896,
          0.74129898
        ],
        [
          2.7931,
          0.74129898
        ],
        [
          2.8965,
          0.74129898
        ],
        [
          3.0,
          0.74129898
        ]
      ]
    },
    "Improved Hybrid": {
      "final_solutions": 766,
      "wall_seconds": 2.1,
      "trace_bytes": 24617,
      "invalid_solutions": 0,
      "final_hv": 0.74129864,
      "delta_vs_pure_pls_pct": 0.0395,