{
  "instance": "tokyo_bay_50",
  "num_images": 50,
  "timeout_s": 20,
  "objectives": [
    "min_cost",
    "cloud_coverage",
    "min_max_incidence_angle",
    "min_resolution"
  ],
  "shared_bounds": [
    [
      2192639,
      19125986
    ],
    [
      0,
      65726
    ],
    [
      290,
      333
    ],
    [
      26509,
      41680
    ]
  ],
  "total_trace_points": 12892,
  "configs": {
    "Pure PLS": {
      "final_solutions": 1139,
      "wall_seconds": 20.5,
      "trace_bytes": 55241,
      "invalid_solutions": 0,
      "final_hv": 0.90894494,
      "delta_vs_pure_pls_pct": 0.0,
      "curve": [
        [
          0.0,
          0.85047809
        ],
        [
          0.6897,
          0.89667331
        ],
        [
          1.3793,
          0.89843109
        ],
        [
          2.069,
          0.89933949
        ],
        [
          2.7586,
          0.89966199
        ],
        [
          3.4483,
          0.90147922
        ],
        [
          4.1379,
          0.90249552
        ],
        [
          4.8276,
          0.90272064
        ],
        [
          5.5172,
          0.90301989
        ],
        [
          6.2069,
          0.90313929
        ],
        [
          6.8966,
          0.90335454
        ],
        [
          7.5862,
          0.90445072
        ],
        [
          8.2759,
          0.90545373
        ],
        [
          8.9655,
          0.90558208
        ],
        [
          9.6552,
          0.90565332
        ],
        [
          10.3448,
          0.90577611
        ],
        [
          11.0345,
          0.90677351
        ],
        [
          11.7241,
          0.90698814
        ],
        [
          12.4138,
          0.9071476
        ],
        [
          13.1034,
          0.90734776
        ],
        [
          13.7931,
          0.90767558
        ],
        [
          14.4828,
          0.90776517
        ],
        [
          15.1724,
          0.90793384
        ],
        [
          15.8621,
          0.90811021
        ],
        [
          16.5517,
          0.90826873
        ],
        [
          17.2414,
          0.90843753
        ],
        [
          17.931,
          0.90852988
        ],
        [
          18.6207,
          0.90853255
        ],
        [
          19.3103,
          0.90874219
        ],
        [
          20.0,
          0.90894494
        ]
      ]
    },
    "Hybrid 50:50": {
      "final_solutions": 988,
      "wall_seconds": 10.2,
      "trace_bytes": 35495,
      "invalid_solutions": 0,
      "final_hv": 0.91661995,
      "delta_vs_pure_pls_pct": 0.8444,
      "curve": [
        [
          0.0,
          0.0
        ],
        [
          0.6897,
          0.67563755
        ],
        [
          1.3793,
          0.67563755
        ],
        [
          2.069,
          0.67563755
        ],
        [
          2.7586,
          0.67664195
        ],
        [
          3.4483,
          0.67698364
        ],
        [
          4.1379,
          0.67699449
        ],
        [
          4.8276,
          0.67709815
        ],
        [
          5.5172,
          0.67728028
        ],
        [
          6.2069,
          0.67728838
        ],
        [
          6.8966,
          0.67732439
        ],
        [
          7.5862,
          0.67732439
        ],
        [
          8.2759,
          0.6774539
        ],
        [
          8.9655,
          0.67746315
        ],
        [
          9.6552,
          0.67748536
        ],
        [
          10.3448,
          0.89915757
        ],
        [
          11.0345,
          0.91073307
        ],
        [
          11.7241,
          0.91247488
        ],
        [
          12.4138,
          0.91275275
        ],
        [
          13.1034,
          0.91321571
        ],
        [
          13.7931,
          0.91387158
        ],
        [
          14.4828,
          0.91526391
        ],
        [
          15.1724,
          0.91540256
        ],
        [
          15.8621,
          0.91554786
        ],
        [
          16.5517,
          0.915614
        ],
        [
          17.2414,
          0.91565665
        ],
        [
          17.931,
          0.91574928
        ],
        [
          18.6207,
          0.91608762
        ],
        [
          19.3103,
          0.91645492
        ],
        [
          20.0,
          0.91661995
        ]
      ]
    },
    "Improved PLS": {
      "final_solutions": 1443,
      "wall_seconds": 20.2,
      "trace_bytes": 27856,
      "invalid_solutions": 0,
      "final_hv": 0.91143734,
      "delta_vs_pure_pls_pct": 0.2742,
      "curve": [
        [
          0.0,
          0.91127668
        ],
        [
          0.6897,
          0.91127807
        ],
        [
          1.3793,
          0.91127884
        ],
        [
          2.069,
          0.91128572
        ],
        [
          2.7586,
          0.91130052
        ],
        [
          3.4483,
          0.91130321
        ],
        [
          4.1379,
          0.91130567
        ],
        [
          4.8276,
          0.91130581
        ],
        [
          5.5172,
          0.91130773
        ],
        [
          6.2069,
          0.91130788
        ],
        [
          6.8966,
          0.91131133
        ],
        [
          7.5862,
          0.91131135
        ],
        [
          8.2759,
          0.91131171
        ],
        [
          8.9655,
          0.91131314
        ],
        [
          9.6552,
          0.91131334
        ],
        [
          10.3448,
          0.91131343
        ],
        [
          11.0345,
          0.91131348
        ],
        [
          11.7241,
          0.91131459
        ],
        [
          12.4138,
          0.91140134
        ],
        [
          13.1034,
          0.91142715
        ],
        [
          13.7931,
          0.91142828
        ],
        [
          14.4828,
          0.91142849
        ],
        [
          15.1724,
          0.91142862
        ],
        [
          15.8621,
          0.91142982
        ],
        [
          16.5517,
          0.91142994
        ],
        [
          17.2414,
          0.91142996
        ],
        [
          17.931,
          0.91143393
        ],
        [
          18.6207,
          0.911434
        ],
        [
          19.3103,
          0.911434
        ],
        [
          20.0,
          0.91143734
        ]
      ]
    },
    "Improved Hybrid": {
      "final_solutions": 1267,
      "wall_seconds": 10.1,
      "trace_bytes": 23269,
      "invalid_solutions": 0,
      "final_hv": 0.91757146,
      "delta_vs_pure_pls_pct": 0.9491,